cosmic_id,cell_line_name,tissue_descriptor,tcga_code,msi_status
906794,A253,aero_dig_tract,UNCLASSIFIED,MSS/MSI-L
753531,BB30-HNC,aero_dig_tract,HNSC,MSS/MSI-L
753532,BB49-HNC,aero_dig_tract,HNSC,MSS/MSI-L
753535,BHY,aero_dig_tract,HNSC,MSS/MSI-L
1290724,BICR10,aero_dig_tract,HNSC,MSS/MSI-L
1240121,BICR22,aero_dig_tract,HNSC,MSS/MSI-L
1290725,BICR31,aero_dig_tract,HNSC,MSS/MSI-L
1240122,BICR78,aero_dig_tract,HNSC,MSS/MSI-L
753538,CA9-22,aero_dig_tract,HNSC,MSS/MSI-L
910916,CAL-27,aero_dig_tract,HNSC,MSS/MSI-L
753541,CAL-33,aero_dig_tract,HNSC,MSS/MSI-L
906837,DETROIT562,aero_dig_tract,HNSC,MSS/MSI-L
910936,DOK,aero_dig_tract,HNSC,MSS/MSI-L
906863,FADU,aero_dig_tract,HNSC,MSS/MSI-L
1240140,H3118,aero_dig_tract,UNCLASSIFIED,MSS/MSI-L
907059,HN,aero_dig_tract,HNSC,MSS/MSI-L
924111,HO-1-N-1,aero_dig_tract,HNSC,MSS/MSI-L
753561,HO-1-U-1,aero_dig_tract,HNSC,MSS/MSI-L
753562,HSC-2,aero_dig_tract,HNSC,MSS/MSI-L
907061,HSC-3,aero_dig_tract,HNSC,MSS/MSI-L
907062,HSC-4,aero_dig_tract,HNSC,MSS/MSI-L
1240161,JHU-011,aero_dig_tract,HNSC,MSS/MSI-L
1240162,JHU-022,aero_dig_tract,HNSC,MSS/MSI-L
1298215,KON,aero_dig_tract,HNSC,MSS/MSI-L
753570,KOSC-2,aero_dig_tract,HNSC,MSS/MSI-L
753583,LB771-HNC,aero_dig_tract,HNSC,MSS/MSI-L
1298362,OSC-19,aero_dig_tract,HNSC,MSS/MSI-L
1240196,OSC-20,aero_dig_tract,HNSC,MSS/MSI-L
1240204,PCI-15A,aero_dig_tract,HNSC,MSS/MSI-L
1298529,PCI-30,aero_dig_tract,HNSC,MSS/MSI-L
1240205,PCI-38,aero_dig_tract,HNSC,MSS/MSI-L
1298531,PCI-4B,aero_dig_tract,HNSC,MSS/MSI-L
1240206,PCI-6A,aero_dig_tract,HNSC,MSS/MSI-L
1240207,PE/CA-PJ15,aero_dig_tract,HNSC,MSS/MSI-L
909700,RPMI-2650,aero_dig_tract,HNSC,MSS/MSI-L
909708,SAS,aero_dig_tract,HNSC,MSS/MSI-L
1299050,SAT,aero_dig_tract,HNSC,MSS/MSI-L
910911,SCC-15,aero_dig_tract,HNSC,MSS/MSI-L
910701,SCC-25,aero_dig_tract,HNSC,MSS/MSI-L
910904,SCC-4,aero_dig_tract,HNSC,MSS/MSI-L
909709,SCC-9,aero_dig_tract,HNSC,MSS/MSI-L
1299059,SKN-3,aero_dig_tract,HNSC,MSS/MSI-L
906817,COLO-680N,aero_dig_tract,ESCA,MSS/MSI-L
753555,EC-GI-10,aero_dig_tract,ESCA,MSS/MSI-L
1503366,ESO26,aero_dig_tract,ESCA,MSS/MSI-L
1503367,ESO51,aero_dig_tract,ESCA,MSS/MSI-L
1503361,FLO-1,aero_dig_tract,ESCA,MSS/MSI-L
753559,HCE-4,aero_dig_tract,ESCA,MSS/MSI-L
1503368,KYAE-1,aero_dig_tract,ESCA,MSS/MSI-L
753573,KYSE-140,aero_dig_tract,ESCA,MSS/MSI-L
907317,KYSE-150,aero_dig_tract,ESCA,MSS/MSI-L
907318,KYSE-180,aero_dig_tract,ESCA,MSS/MSI-L
1240167,KYSE-220,aero_dig_tract,ESCA,MSS/MSI-L
907319,KYSE-270,aero_dig_tract,ESCA,MSS/MSI-L
753574,KYSE-410,aero_dig_tract,ESCA,MSS/MSI-L
907320,KYSE-450,aero_dig_tract,ESCA,MSS/MSI-L
1298222,KYSE-50,aero_dig_tract,ESCA,MSS/MSI-L
907321,KYSE-510,aero_dig_tract,ESCA,MSS/MSI-L
753575,KYSE-520,aero_dig_tract,ESCA,MSS/MSI-L
753576,KYSE-70,aero_dig_tract,ESCA,MSS/MSI-L
1503363,OACM5-1,aero_dig_tract,ESCA,MSS/MSI-L
1503362,OACP4C,aero_dig_tract,ESCA,MSS/MSI-L
910079,OE19,aero_dig_tract,ESCA,MSS/MSI-L
1298359,OE21,aero_dig_tract,ESCA,MSS/MSI-L
910549,OE33,aero_dig_tract,ESCA,MSS/MSI-L
1503365,SK-GT-4,aero_dig_tract,ESCA,MSS/MSI-L
753621,TE-1,aero_dig_tract,ESCA,MSS/MSI-L
753622,TE-10,aero_dig_tract,ESCA,MSS/MSI-L
946354,TE-11,aero_dig_tract,ESCA,MSS/MSI-L
946356,TE-12,aero_dig_tract,ESCA,MSS/MSI-L
753614,TE-15,aero_dig_tract,ESCA,MSS/MSI-L
1503371,TE-4,aero_dig_tract,ESCA,MSS/MSI-L
735784,TE-5,aero_dig_tract,ESCA,MSS/MSI-L
946355,TE-6,aero_dig_tract,ESCA,MSS/MSI-L
753623,TE-8,aero_dig_tract,ESCA,MSS/MSI-L
946353,TE-9,aero_dig_tract,ESCA,MSS/MSI-L
1299064,T-T,aero_dig_tract,ESCA,MSS/MSI-L
910688,CESS,leukemia,LAML,MSS/MSI-L
753548,CTV-1,leukemia,LAML,MSI-H
906870,GDM-1,leukemia,LAML,MSS/MSI-L
907053,HEL,leukemia,LAML,MSS/MSI-L
905938,HL-60,leukemia,LAML,MSS/MSI-L
907275,KASUMI-1,leukemia,LAML,MSS/MSI-L
907278,KG-1,leukemia,LAML,MSS/MSI-L
907280,KMOE-2,leukemia,LAML,MSS/MSI-L
1330942,ME-1,leukemia,LAML,MSS/MSI-L
908141,ML-2,leukemia,LAML,MSS/MSI-L
1330947,MOLM-13,leukemia,LAML,MSS/MSI-L
908148,MONO-MAC-6,leukemia,LAML,MSS/MSI-L
908448,NKM-1,leukemia,LAML,MSS/MSI-L
908451,NOMO-1,leukemia,LAML,MSS/MSI-L
910947,OCI-AML2,leukemia,LAML,MSS/MSI-L
1290455,OCI-AML3,leukemia,LAML,MSS/MSI-L
1330983,OCI-AML5,leukemia,LAML,MSS/MSI-L
1330985,OCI-M1,leukemia,LAML,MSS/MSI-L
909253,P31-FUJ,leukemia,LAML,MSI-H
1330991,PL-21,leukemia,LAML,MSS/MSI-L
910545,QIMR-WIL,leukemia,LAML,MSS/MSI-L
909715,SIG-M5,leukemia,LAML,MSS/MSI-L
909771,THP-1,leukemia,LAML,MSS/MSI-L
907273,KARPAS-299,lymphoma,UNCLASSIFIED,MSS/MSI-L
909742,SU-DHL-1,lymphoma,UNCLASSIFIED,MSS/MSI-L
1331040,SUP-M2,lymphoma,UNCLASSIFIED,MSS/MSI-L
910705,BALL-1,leukemia,UNCLASSIFIED,MSS/MSI-L
1327774,KARPAS-231,leukemia,UNCLASSIFIED,MSS/MSI-L
1330933,KOPN-8,leukemia,UNCLASSIFIED,MSS/MSI-L
908132,MHH-CALL-2,leukemia,UNCLASSIFIED,MSS/MSI-L
908136,MHH-PREB-1,leukemia,UNCLASSIFIED,MSI-H
908143,MN-60,leukemia,UNCLASSIFIED,MSI-H
908158,NALM-6,leukemia,UNCLASSIFIED,MSI-H
1330994,RCH-ACV,leukemia,UNCLASSIFIED,MSS/MSI-L
909696,REH,leukemia,UNCLASSIFIED,MSI-H
1331025,ROS-50,leukemia,UNCLASSIFIED,MSS/MSI-L
910209,SUP-B8,leukemia,UNCLASSIFIED,MSS/MSI-L
909777,U-698-M,leukemia,UNCLASSIFIED,MSS/MSI-L
910935,A3-KAW,lymphoma,DLBC,MSS/MSI-L
910934,A4-FUK,lymphoma,DLBC,MSS/MSI-L
910919,BC-1,lymphoma,DLBC,MSS/MSI-L
906807,CRO-AP2,lymphoma,DLBC,MSS/MSI-L
949088,CTB-1,lymphoma,DLBC,MSS/MSI-L
906832,DB,lymphoma,DLBC,MSS/MSI-L
906842,DOHH-2,lymphoma,DLBC,MSS/MSI-L
1297449,FARAGE,lymphoma,DLBC,MSS/MSI-L
1303897,GRANTA-519,lymphoma,DLBC,MSS/MSI-L
1327765,JEKO-1,lymphoma,DLBC,MSS/MSI-L
1327769,JSC-1,lymphoma,DLBC,MSS/MSI-L
1327773,KARPAS-1106P,lymphoma,DLBC,MSS/MSI-L
907274,KARPAS-422,lymphoma,DLBC,MSS/MSI-L
907799,MC116,lymphoma,DLBC,MSS/MSI-L
1330982,NU-DUL-1,lymphoma,DLBC,MSS/MSI-L
1330984,OCI-LY-19,lymphoma,DLBC,MSS/MSI-L
1330995,RC-K8,lymphoma,DLBC,MSS/MSI-L
910861,RL,lymphoma,DLBC,MSS/MSI-L
910930,SCC-3,lymphoma,DLBC,MSS/MSI-L
1331032,SLVL,lymphoma,DLBC,MSS/MSI-L
1331033,SU-DHL-10,lymphoma,DLBC,MSS/MSI-L
1331034,SU-DHL-16,lymphoma,DLBC,MSS/MSI-L
1331035,SU-DHL-4,lymphoma,DLBC,MSS/MSI-L
1331036,SU-DHL-5,lymphoma,DLBC,MSS/MSI-L
1331037,SU-DHL-6,lymphoma,DLBC,MSS/MSI-L
1331038,SU-DHL-8,lymphoma,DLBC,MSS/MSI-L
1331045,TK,lymphoma,DLBC,MSS/MSI-L
909773,TUR,lymphoma,DLBC,MSI-H
1331048,VAL,lymphoma,DLBC,MSS/MSI-L
1331050,WSU-DLCL2,lymphoma,DLBC,MSS/MSI-L
910706,BL-41,lymphoma,UNCLASSIFIED,MSS/MSI-L
910703,CA46,lymphoma,UNCLASSIFIED,MSS/MSI-L
906831,DAUDI,lymphoma,UNCLASSIFIED,MSS/MSI-L
906838,DG-75,lymphoma,UNCLASSIFIED,MSI-H
906846,EB2,lymphoma,UNCLASSIFIED,MSS/MSI-L
906847,EB-3,lymphoma,UNCLASSIFIED,MSS/MSI-L
1303896,GA-10,lymphoma,UNCLASSIFIED,MSS/MSI-L
907268,JIYOYEP-2003,lymphoma,UNCLASSIFIED,MSS/MSI-L
908159,NAMALWA,lymphoma,UNCLASSIFIED,MSS/MSI-L
1330987,P32-ISH,lymphoma,UNCLASSIFIED,MSS/MSI-L
909262,RAJI,lymphoma,UNCLASSIFIED,MSS/MSI-L
910401,RAMOS-2G6-4C10,lymphoma,UNCLASSIFIED,MSS/MSI-L
910906,ST486,lymphoma,UNCLASSIFIED,MSS/MSI-L
910710,BV-173,leukemia,LCML,MSS/MSI-L
910951,CML-T1,leukemia,LCML,MSS/MSI-L
906855,EM-2,leukemia,LCML,MSS/MSI-L
1327771,JURL-MK1,leukemia,LCML,MSS/MSI-L
905940,K-562,leukemia,LCML,MSS/MSI-L
1330931,KCL-22,leukemia,LCML,MSI-H
907311,KU812,leukemia,LCML,MSS/MSI-L
907783,LAMA-84,leukemia,LCML,MSS/MSI-L
908126,MEG-01,leukemia,LCML,MSS/MSI-L
910544,RPMI-8866,leukemia,LCML,MSS/MSI-L
1295741,AMO-1,myeloma,MM,MSS/MSI-L
906856,EOL-1-CELL,leukemia,UNCLASSIFIED,MSS/MSI-L
1327766,JJN-3,myeloma,MM,MSS/MSI-L
1327775,KARPAS-620,myeloma,MM,MSS/MSI-L
683665,MC-CAR,myeloma,MM,MSS/MSI-L
909722,SKM-1,leukemia,UNCLASSIFIED,MSS/MSI-L
907044,HC-1,leukemia,UNCLASSIFIED,MSS/MSI-L
908142,MLMA,leukemia,UNCLASSIFIED,MSS/MSI-L
908149,MO-T,leukemia,UNCLASSIFIED,MSS/MSI-L
924110,HDLM-2,lymphoma,UNCLASSIFIED,MSS/MSI-L
907050,HD-MY-Z,lymphoma,UNCLASSIFIED,MSS/MSI-L
1322218,HS-445,lymphoma,UNCLASSIFIED,MSS/MSI-L
909976,KM-H2,lymphoma,UNCLASSIFIED,MSS/MSI-L
1330935,L-1236,lymphoma,UNCLASSIFIED,MSS/MSI-L
907322,L-428,lymphoma,UNCLASSIFIED,MSS/MSI-L
907323,L-540,lymphoma,UNCLASSIFIED,MSS/MSI-L
909701,RPMI-6666,lymphoma,UNCLASSIFIED,MSS/MSI-L
1331039,SUP-HD1,lymphoma,UNCLASSIFIED,MSS/MSI-L
907300,KY821,leukemia,LAML,MSS/MSI-L
908156,MV-4-11,leukemia,UNCLASSIFIED,MSS/MSI-L
909703,RS4-11,leukemia,ALL,MSI-H
906800,697,leukemia,UNCLASSIFIED,MSS/MSI-L
910944,ALL-PO,leukemia,ALL,MSS/MSI-L
906763,BE-13,leukemia,ALL,MSS/MSI-L
905952,CCRF-CEM,leukemia,ALL,MSS/MSI-L
906877,GR-ST,leukemia,ALL,MSI-H
949153,HAL-01,leukemia,ALL,MSS/MSI-L
907272,KARPAS-45,leukemia,ALL,MSS/MSI-L
907277,KE-37,leukemia,ALL,MSS/MSI-L
907787,LC4-1,leukemia,ALL,MSS/MSI-L
905958,MOLT-4,leukemia,ALL,MSI-H
909252,P30-OHK,leukemia,ALL,MSI-H
1247871,SUP-B15,leukemia,ALL,MSS/MSI-L
910687,ATN-1,leukemia,ALL,MSS/MSI-L
907789,LOUCY,leukemia,ALL,MSS/MSI-L
908146,MOLT-13,leukemia,ALL,MSI-H
908147,MOLT-16,leukemia,ALL,MSS/MSI-L
909251,P12-ICHIKAWA,leukemia,ALL,MSS/MSI-L
909260,PF-382,leukemia,ALL,MSS/MSI-L
909702,RPMI-8402,leukemia,ALL,MSS/MSI-L
909743,SUP-T1,leukemia,ALL,MSS/MSI-L
906836,DEL,lymphoma,UNCLASSIFIED,MSS/MSI-L
906854,EHEB,lymphoma,CLL,MSS/MSI-L
1297447,EJM,myeloma,MM,MSS/MSI-L
907043,H9,lymphoma,UNCLASSIFIED,MSS/MSI-L
907269,JVM-2,lymphoma,CLL,MSS/MSI-L
907270,JVM-3,lymphoma,CLL,MSS/MSI-L
905965,SR,lymphoma,UNCLASSIFIED,MSS/MSI-L
1331049,WIL2-NS,lymphoma,UNCLASSIFIED,MSS/MSI-L
909785,WSU-NHL,lymphoma,UNCLASSIFIED,MSI-H
946358,YT,lymphoma,ALL,MSS/MSI-L
906765,ARH-77,myeloma,MM,MSS/MSI-L
753563,IM-9,myeloma,MM,MSS/MSI-L
907281,KMS-12-BM,myeloma,MM,MSS/MSI-L
924239,L-363,myeloma,MM,MSS/MSI-L
907791,LP-1,myeloma,MM,MSS/MSI-L
1659818,MM1S,myeloma,MM,MSS/MSI-L
1330950,MOLP-8,myeloma,MM,MSS/MSI-L
724825,NCI-H929,myeloma,MM,MSS/MSI-L
909249,OPM-2,myeloma,MM,MSS/MSI-L
905964,RPMI-8226,myeloma,MM,MSS/MSI-L
753612,SK-MM-2,myeloma,MM,MSS/MSI-L
753615,U-266,myeloma,MM,MSS/MSI-L
1295740,ALL-SIL,leukemia,ALL,MSS/MSI-L
1297446,DND-41,leukemia,ALL,MSI-H
907056,HH,leukemia,UNCLASSIFIED,MSS/MSI-L
998184,JURKAT,leukemia,ALL,MSI-H
1290795,CS1,bone,UNCLASSIFIED,MSS/MSI-L
909717,SJSA-1,bone,UNCLASSIFIED,MSS/MSI-L
1290765,CAL-78,bone,UNCLASSIFIED,MSS/MSI-L
1303912,CHSA8926,bone,UNCLASSIFIED,MSS/MSI-L
907290,H-EMC-SS,bone,UNCLASSIFIED,MSS/MSI-L
753539,CADO-ES1,bone,UNCLASSIFIED,MSS/MSI-L
949158,ES1,bone,UNCLASSIFIED,MSS/MSI-L
684055,ES3,bone,UNCLASSIFIED,MSS/MSI-L
949156,ES4,bone,UNCLASSIFIED,MSS/MSI-L
684057,ES5,bone,UNCLASSIFIED,MSS/MSI-L
684059,ES7,bone,UNCLASSIFIED,MSS/MSI-L
949155,ES8,bone,UNCLASSIFIED,MSS/MSI-L
949163,EW-1,bone,UNCLASSIFIED,MSS/MSI-L
684062,EW-11,bone,UNCLASSIFIED,MSS/MSI-L
949162,EW-12,bone,UNCLASSIFIED,MSS/MSI-L
949166,EW-13,bone,UNCLASSIFIED,MSS/MSI-L
949165,EW-16,bone,UNCLASSIFIED,MSS/MSI-L
949164,EW-18,bone,UNCLASSIFIED,MSS/MSI-L
949167,EW-22,bone,UNCLASSIFIED,MSS/MSI-L
949168,EW-24,bone,UNCLASSIFIED,MSS/MSI-L
949161,EW-3,bone,UNCLASSIFIED,MSS/MSI-L
949160,EW-7,bone,UNCLASSIFIED,MSS/MSI-L
684072,SK-ES-1,bone,UNCLASSIFIED,MSS/MSI-L
909731,SK-PN-DW,bone,UNCLASSIFIED,MSS/MSI-L
1240221,TC-71,bone,UNCLASSIFIED,MSS/MSI-L
906827,CAL-72,bone,UNCLASSIFIED,MSS/MSI-L
1290807,G-292 CLONE A141B1,bone,UNCLASSIFIED,MSS/MSI-L
907060,HOS,bone,UNCLASSIFIED,MSS/MSI-L
909977,HUO-3N1,bone,UNCLASSIFIED,MSS/MSI-L
907072,HUO9,bone,UNCLASSIFIED,MSS/MSI-L
908131,MG-63,bone,UNCLASSIFIED,MSS/MSI-L
925345,NOS-1,bone,UNCLASSIFIED,MSS/MSI-L
910849,NY,bone,UNCLASSIFIED,MSS/MSI-L
909707,SAOS-2,bone,UNCLASSIFIED,MSS/MSI-L
909776,U-2-OS,bone,UNCLASSIFIED,MSS/MSI-L
910704,AU565,breast,BRCA,MSS/MSI-L
906801,BT-20,breast,BRCA,MSS/MSI-L
946359,BT-474,breast,BRCA,MSS/MSI-L
949093,BT-483,breast,BRCA,MSS/MSI-L
905951,BT-549,breast,BRCA,MSS/MSI-L
906826,CAL-120,breast,BRCA,MSS/MSI-L
924106,CAL-148,breast,BRCA,MSS/MSI-L
910927,CAL-51,breast,BRCA,MSS/MSI-L
910852,CAL-85-1,breast,BRCA,MSS/MSI-L
946382,CAMA-1,breast,BRCA,MSS/MSI-L
906812,COLO-824,breast,BRCA,MSS/MSI-L
906844,DU-4475,breast,BRCA,MSS/MSI-L
906851,EFM-19,breast,BRCA,MSS/MSI-L
1290798,EFM-192A,breast,BRCA,MSS/MSI-L
906862,EVSA-T,breast,BRCA,MSS/MSI-L
749710,HCC1143,breast,BRCA,MSS/MSI-L
749711,HCC1187,breast,BRCA,MSS/MSI-L
749712,HCC1395,breast,BRCA,MSS/MSI-L
907045,HCC1419,breast,BRCA,MSS/MSI-L
1290905,HCC1428,breast,BRCA,MSS/MSI-L
1303900,HCC1500,breast,BRCA,MSS/MSI-L
907046,HCC1569,breast,BRCA,MSI-H
749713,HCC1599,breast,BRCA,MSS/MSI-L
907047,HCC1806,breast,UNCLASSIFIED,MSS/MSI-L
749714,HCC1937,breast,BRCA,MSS/MSI-L
749709,HCC1954,breast,BRCA,MSS/MSI-L
1290906,HCC202,breast,BRCA,MSS/MSI-L
749715,HCC2157,breast,BRCA,MSS/MSI-L
749716,HCC2218,breast,BRCA,MSS/MSI-L
749717,HCC38,breast,BRCA,MSS/MSI-L
907048,HCC70,breast,BRCA,MSS/MSI-L
1290922,HDQ-P1,breast,BRCA,MSS/MSI-L
905957,HS-578-T,breast,BRCA,MSS/MSI-L
905946,MCF7,breast,BRCA,MSS/MSI-L
925338,MDA-MB-157,breast,BRCA,MSS/MSI-L
905960,MDA-MB-231,breast,BRCA,MSS/MSI-L
1330941,MDA-MB-330,breast,BRCA,MSS/MSI-L
908121,MDA-MB-361,breast,BRCA,MSS/MSI-L
924240,MDA-MB-415,breast,BRCA,MSS/MSI-L
1240172,MDA-MB-436,breast,BRCA,MSS/MSI-L
908122,MDA-MB-453,breast,BRCA,MSS/MSI-L
908123,MDA-MB-468,breast,BRCA,MSS/MSI-L
910948,MFM-223,breast,BRCA,MSS/MSI-L
908151,MRK-NU-1,breast,BRCA,MSS/MSI-L
909256,OCUB-M,breast,BRCA,MSS/MSI-L
905945,T47D,breast,BRCA,MSS/MSI-L
910910,UACC-812,breast,BRCA,MSS/MSI-L
909778,UACC-893,breast,BRCA,MSS/MSI-L
909907,ZR-75-30,breast,BRCA,MSS/MSI-L
906853,EGI-1,digestive_system,UNCLASSIFIED,MSS/MSI-L
906861,ETK-1,digestive_system,UNCLASSIFIED,MSS/MSI-L
907069,HUCCT1,digestive_system,UNCLASSIFIED,MSS/MSI-L
909769,TGBC1TKB,digestive_system,UNCLASSIFIED,MSS/MSI-L
910695,TGBC24TKB,digestive_system,UNCLASSIFIED,MSS/MSI-L
907073,HUTU-80,digestive_system,UNCLASSIFIED,MSS/MSI-L
910700,C2BBE1,large_intestine,COAD/READ,MSS/MSI-L
924108,CAR-1,large_intestine,COAD/READ,MSS/MSI-L
1240123,CCK-81,large_intestine,COAD/READ,MSI-H
1290769,CL-11,large_intestine,COAD/READ,MSS/MSI-L
1240124,CL-40,large_intestine,COAD/READ,MSS/MSI-L
905961,COLO-205,large_intestine,COAD/READ,MSS/MSI-L
910569,COLO-320-HSR,large_intestine,COAD/READ,MSS/MSI-L
910689,COLO-678,large_intestine,COAD/READ,MSS/MSI-L
910554,CW-2,large_intestine,COAD/READ,MSI-H
907291,GP5D,large_intestine,COAD/READ,MSI-H
905971,HCC2998,large_intestine,COAD/READ,MSS/MSI-L
1290907,HCC-56,large_intestine,COAD/READ,MSS/MSI-L
905936,HCT-116,large_intestine,COAD/READ,MSI-H
905937,HCT-15,large_intestine,COAD/READ,MSI-H
907289,HT-115,large_intestine,COAD/READ,MSS/MSI-L
905939,HT-29,large_intestine,COAD/READ,MSS/MSI-L
907287,HT55,large_intestine,COAD/READ,MSS/MSI-L
905989,KM12,large_intestine,COAD/READ,MSI-H
907790,LOVO,large_intestine,COAD/READ,MSI-H
917486,LS-1034,large_intestine,COAD/READ,MSS/MSI-L
907792,LS-123,large_intestine,COAD/READ,MSS/MSI-L
998189,LS-180,large_intestine,COAD/READ,MSI-H
907794,LS-411N,large_intestine,COAD/READ,MSI-H
907795,LS-513,large_intestine,COAD/READ,MSS/MSI-L
1240173,MDST8,large_intestine,COAD/READ,MSS/MSI-L
908482,NCI-H630,large_intestine,COAD/READ,MSI-H
908458,NCI-H716,large_intestine,COAD/READ,MSS/MSI-L
908457,NCI-H747,large_intestine,COAD/READ,MSS/MSI-L
909263,RCM-1,large_intestine,COAD/READ,MSS/MSI-L
909698,RKO,large_intestine,COAD/READ,MSI-H
909718,SK-CO-1,large_intestine,COAD/READ,MSS/MSI-L
1659823,SNU-1040,large_intestine,COAD/READ,MSS/MSI-L
1659928,SNU-175,large_intestine,COAD/READ,MSI-H
1660034,SNU-407,large_intestine,COAD/READ,MSI-H
1660035,SNU-61,large_intestine,COAD/READ,MSS/MSI-L
1660036,SNU-81,large_intestine,COAD/READ,MSS/MSI-L
910905,SNU-C1,large_intestine,COAD/READ,MSS/MSI-L
909740,SNU-C2B,large_intestine,COAD/READ,MSI-H
1674021,SNU-C5,large_intestine,COAD/READ,MSI-H
909746,SW1116,large_intestine,COAD/READ,MSS/MSI-L
909747,SW1417,large_intestine,COAD/READ,MSS/MSI-L
909748,SW1463,large_intestine,COAD/READ,MSS/MSI-L
909751,SW48,large_intestine,COAD/READ,MSI-H
909755,SW837,large_intestine,COAD/READ,MSS/MSI-L
909757,SW948,large_intestine,COAD/READ,MSS/MSI-L
909761,T84,large_intestine,COAD/READ,MSS/MSI-L
910850,C3A,digestive_system,LIHC,MSS/MSI-L
1240147,HEP 3B2_1-7,digestive_system,LIHC,MSS/MSI-L
907057,HLE,digestive_system,LIHC,MSS/MSI-L
1298146,HUH-1,digestive_system,LIHC,MSS/MSI-L
907071,HUH-7,digestive_system,LIHC,MSS/MSI-L
1298151,JHH-1,digestive_system,LIHC,MSS/MSI-L
1240159,JHH-6,digestive_system,LIHC,MSS/MSI-L
1240160,JHH-7,digestive_system,LIHC,MSS/MSI-L
909719,SK-HEP-1,digestive_system,LIHC,MSS/MSI-L
1240216,SNU-182,digestive_system,LIHC,MSS/MSI-L
909736,SNU-387,digestive_system,LIHC,MSS/MSI-L
1240217,SNU-398,digestive_system,LIHC,MSS/MSI-L
909737,SNU-423,digestive_system,LIHC,MSS/MSI-L
909738,SNU-449,digestive_system,LIHC,MSS/MSI-L
909739,SNU-475,digestive_system,LIHC,MSS/MSI-L
910924,23132-87,digestive_system,STAD,MSI-H
906790,AGS,digestive_system,STAD,MSS/MSI-L
906848,ECC10,digestive_system,UNCLASSIFIED,MSS/MSI-L
906849,ECC12,digestive_system,UNCLASSIFIED,MSS/MSI-L
1290806,FU97,digestive_system,STAD,MSS/MSI-L
906869,GCIY,digestive_system,STAD,MSS/MSI-L
907041,GT3TKB,digestive_system,STAD,MSS/MSI-L
907055,HGC-27,digestive_system,STAD,MSS/MSI-L
1240151,HS746T,digestive_system,STAD,MSS/MSI-L
1322224,HSC-39,digestive_system,STAD,MSS/MSI-L
1240155,IM-95,digestive_system,STAD,MSS/MSI-L
907276,KATOIII,digestive_system,STAD,MSS/MSI-L
908138,MKN1,digestive_system,UNCLASSIFIED,MSS/MSI-L
908139,MKN28,digestive_system,STAD,MSS/MSI-L
925340,MKN45,digestive_system,STAD,MSS/MSI-L
924250,MKN7,digestive_system,STAD,MSS/MSI-L
908461,NCI-N87,digestive_system,STAD,MSS/MSI-L
908444,NCI-SNU-1,digestive_system,STAD,MSI-H
908446,NCI-SNU-16,digestive_system,STAD,MSS/MSI-L
908445,NCI-SNU-5,digestive_system,STAD,MSS/MSI-L
908455,NUGC-3,digestive_system,STAD,MSI-H
1298357,NUGC-4,digestive_system,STAD,MSS/MSI-L
1298358,OCUM-1,digestive_system,STAD,MSS/MSI-L
1240209,RERF-GC-1B,digestive_system,STAD,MSS/MSI-L
909697,RF-48,digestive_system,STAD,MSS/MSI-L
909711,SCH,digestive_system,UNCLASSIFIED,MSS/MSI-L
1503364,SK-GT-2,digestive_system,STAD,MSS/MSI-L
909770,TGBC11TKB,digestive_system,STAD,MSI-H
909744,SW13,kidney,ACC,MSS/MSI-L
910922,769-P,kidney,KIRC,MSS/MSI-L
905947,786-0,kidney,KIRC,MSS/MSI-L
905948,A498,kidney,KIRC,MSS/MSI-L
910920,A704,kidney,KIRC,MSS/MSI-L
905950,ACHN,kidney,KIRC,MSS/MSI-L
753533,BB65-RCC,kidney,KIRC,MSS/MSI-L
910698,BFTC-909,kidney,KIRC,MSS/MSI-L
905963,CAKI-1,kidney,KIRC,MSS/MSI-L
910952,CAL-54,kidney,KIRC,MSS/MSI-L
907299,G-401,kidney,UNCLASSIFIED,MSS/MSI-L
753558,HA7-RCC,kidney,KIRC,MSS/MSI-L
1298168,KMRC-1,kidney,KIRC,MSS/MSI-L
1298169,KMRC-20,kidney,KIRC,MSS/MSI-L
753577,LB1047-RCC,kidney,KIRC,MSI-H
753578,LB2241-RCC,kidney,KIRC,MSS/MSI-L
753585,LB996-RCC,kidney,KIRC,MSS/MSI-L
1509073,NCC010,kidney,KIRC,MSS/MSI-L
1509074,NCC021,kidney,KIRC,MSS/MSI-L
909250,OS-RC-2,kidney,KIRC,MSS/MSI-L
909974,RCC10RGB,kidney,KIRC,MSS/MSI-L
1524418,RCC-AB,kidney,KIRC,MSS/MSI-L
1524417,RCC-ER,kidney,KIRC,MSS/MSI-L
1524414,RCC-FG2,kidney,KIRC,MSS/MSI-L
1524416,RCC-JW,kidney,KIRC,MSS/MSI-L
1524419,RCC-MF,kidney,KIRC,MSS/MSI-L
905978,RXF393,kidney,KIRC,MSS/MSI-L
905979,SN12C,kidney,KIRC,MSS/MSI-L
905980,TK10,kidney,KIRC,MSS/MSI-L
905981,U031,kidney,KIRC,MSS/MSI-L
909781,VMRC-RCZ,kidney,KIRC,MSS/MSI-L
1287381,201T,lung_NSCLC,LUAD,MSS/MSI-L
905949,A549,lung_NSCLC,LUAD,MSS/MSI-L
906791,ABC-1,lung_NSCLC,LUAD,MSS/MSI-L
687777,CALU-3,lung_NSCLC,LUAD,MSS/MSI-L
724859,CALU-6,lung_NSCLC,LUAD,MSS/MSI-L
906805,COR-L105,lung_NSCLC,LUAD,MSS/MSI-L
905970,EKVX,lung_NSCLC,LUAD,MSS/MSI-L
1503369,EMC-BAC-1,lung_NSCLC,LUAD,MSS/MSI-L
1503370,EMC-BAC-2,lung_NSCLC,LUAD,MSS/MSI-L
1247873,H3255,lung_NSCLC,LUAD,MSS/MSI-L
1240145,HCC-44,lung_NSCLC,LUAD,MSS/MSI-L
1290908,HCC-78,lung_NSCLC,LUAD,MSS/MSI-L
1240146,HCC-827,lung_NSCLC,LUAD,MSS/MSI-L
907786,LC-2-AD,lung_NSCLC,LUAD,MSS/MSI-L
753592,LXF-289,lung_NSCLC,LUAD,MSS/MSI-L
724866,NCI-H1355,lung_NSCLC,LUAD,MSS/MSI-L
684681,NCI-H1395,lung_NSCLC,LUAD,MSS/MSI-L
1298347,NCI-H1435,lung_NSCLC,LUAD,MSS/MSI-L
753600,NCI-H1563,lung_NSCLC,LUAD,MSS/MSI-L
1298348,NCI-H1568,lung_NSCLC,LUAD,MSS/MSI-L
908472,NCI-H1573,lung_NSCLC,LUAD,MSS/MSI-L
687798,NCI-H1623,lung_NSCLC,LUAD,MSS/MSI-L
687799,NCI-H1648,lung_NSCLC,LUAD,MSS/MSI-L
687800,NCI-H1650,lung_NSCLC,LUAD,MSS/MSI-L
910900,NCI-H1651,lung_NSCLC,LUAD,MSS/MSI-L
908473,NCI-H1666,lung_NSCLC,LUAD,MSS/MSI-L
687802,NCI-H1693,lung_NSCLC,LUAD,MSS/MSI-L
908474,NCI-H1703,lung_NSCLC,UNCLASSIFIED,MSS/MSI-L
722058,NCI-H1734,lung_NSCLC,LUAD,MSS/MSI-L
908475,NCI-H1755,lung_NSCLC,LUAD,MSS/MSI-L
1298350,NCI-H1781,lung_NSCLC,LUAD,MSS/MSI-L
724868,NCI-H1792,lung_NSCLC,LUAD,MSS/MSI-L
908463,NCI-H1793,lung_NSCLC,LUAD,MSS/MSI-L
687807,NCI-H1838,lung_NSCLC,LUAD,MSS/MSI-L
1240185,NCI-H1944,lung_NSCLC,LUAD,MSS/MSI-L
924244,NCI-H1975,lung_NSCLC,LUAD,MSS/MSI-L
908476,NCI-H1993,lung_NSCLC,LUAD,MSS/MSI-L
724873,NCI-H2009,lung_NSCLC,LUAD,MSS/MSI-L
1240187,NCI-H2023,lung_NSCLC,LUAD,MSS/MSI-L
722045,NCI-H2030,lung_NSCLC,LUAD,MSS/MSI-L
687812,NCI-H2085,lung_NSCLC,LUAD,MSS/MSI-L
724834,NCI-H2087,lung_NSCLC,LUAD,MSS/MSI-L
722046,NCI-H2122,lung_NSCLC,LUAD,MSS/MSI-L
687816,NCI-H2228,lung_NSCLC,LUAD,MSS/MSI-L
724874,NCI-H2291,lung_NSCLC,LUAD,MSS/MSI-L
905942,NCI-H23,lung_NSCLC,LUAD,MSS/MSI-L
687819,NCI-H2342,lung_NSCLC,LUAD,MSS/MSI-L
687820,NCI-H2347,lung_NSCLC,LUAD,MSS/MSI-L
687821,NCI-H2405,lung_NSCLC,LUAD,MSS/MSI-L
753604,NCI-H292,lung_NSCLC,UNCLASSIFIED,MSS/MSI-L
1240190,NCI-H3122,lung_NSCLC,LUAD,MSS/MSI-L
905967,NCI-H322M,lung_NSCLC,LUAD,MSS/MSI-L
908465,NCI-H358,lung_NSCLC,LUAD,MSS/MSI-L
908460,NCI-H441,lung_NSCLC,LUAD,MSS/MSI-L
905944,NCI-H522,lung_NSCLC,LUAD,MSS/MSI-L
908459,NCI-H596,lung_NSCLC,UNCLASSIFIED,MSS/MSI-L
722066,NCI-H650,lung_NSCLC,LUAD,MSS/MSI-L
910399,NCI-H838,lung_NSCLC,LUAD,MSS/MSI-L
753608,PC-14,lung_NSCLC,LUAD,MSS/MSI-L
1298537,RERF-LC-KJ,lung_NSCLC,LUAD,MSS/MSI-L
910931,RERF-LC-MS,lung_NSCLC,LUAD,MSS/MSI-L
909721,SK-LU-1,lung_NSCLC,LUAD,MSS/MSI-L
724878,SW1573,lung_NSCLC,LUAD,MSS/MSI-L
687600,NCI-H720,lung_NSCLC,UNCLASSIFIED,MSS/MSI-L
724855,NCI-H727,lung_NSCLC,UNCLASSIFIED,MSS/MSI-L
753607,NCI-H835,lung_NSCLC,UNCLASSIFIED,MSS/MSI-L
909779,UMC-11,lung_NSCLC,UNCLASSIFIED,MSS/MSI-L
687780,COR-L23,lung_NSCLC,UNCLASSIFIED,MSS/MSI-L
905973,HOP-92,lung_NSCLC,UNCLASSIFIED,MSS/MSI-L
910779,IA-LM,lung_NSCLC,UNCLASSIFIED,MSS/MSI-L
753586,LCLC-103H,lung_NSCLC,UNCLASSIFIED,MSS/MSI-L
946361,LCLC-97TM1,lung_NSCLC,UNCLASSIFIED,MSS/MSI-L
724863,LU-65,lung_NSCLC,UNCLASSIFIED,MSS/MSI-L
907796,LU-99A,lung_NSCLC,UNCLASSIFIED,MSS/MSI-L
908467,NCI-H1155,lung_NSCLC,UNCLASSIFIED,MSS/MSI-L
724831,NCI-H1299,lung_NSCLC,UNCLASSIFIED,MSS/MSI-L
908471,NCI-H1581,lung_NSCLC,UNCLASSIFIED,MSS/MSI-L
1240184,NCI-H1915,lung_NSCLC,UNCLASSIFIED,MSS/MSI-L
687829,NCI-H661,lung_NSCLC,UNCLASSIFIED,MSS/MSI-L
925341,NCI-H810,lung_NSCLC,UNCLASSIFIED,MSS/MSI-L
910851,A427,lung_NSCLC,UNABLE TO CLASSIFY,MSS/MSI-L
753534,BEN,lung_NSCLC,UNABLE TO CLASSIFY,MSS/MSI-L
753540,CAL-12T,lung_NSCLC,UNABLE TO CLASSIFY,MSS/MSI-L
687596,CHAGO-K-1,lung_NSCLC,UNABLE TO CLASSIFY,MSS/MSI-L
1240144,HCC-366,lung_NSCLC,UNCLASSIFIED,MSS/MSI-L
687804,NCI-H1770,lung_NSCLC,UNABLE TO CLASSIFY,MSS/MSI-L
1298351,NCI-H2110,lung_NSCLC,UNABLE TO CLASSIFY,MSS/MSI-L
1298352,NCI-H2135,lung_NSCLC,UNABLE TO CLASSIFY,MSS/MSI-L
1298353,NCI-H2172,lung_NSCLC,UNABLE TO CLASSIFY,MSS/MSI-L
1298356,NCI-H2444,lung_NSCLC,UNABLE TO CLASSIFY,MSS/MSI-L
1240191,NCI-H647,lung_NSCLC,UNCLASSIFIED,MSS/MSI-L
753554,EBC-1,lung_NSCLC,LUSC,MSS/MSI-L
753556,EPLC-272H,lung_NSCLC,LUSC,MSS/MSI-L
1240142,HARA,lung_NSCLC,LUSC,MSS/MSI-L
1240143,HCC-15,lung_NSCLC,LUSC,MSS/MSI-L
753569,KNS-62,lung_NSCLC,LUSC,MSS/MSI-L
1298223,LC-1-SQ,lung_NSCLC,LUSC,MSS/MSI-L
687787,LK-2,lung_NSCLC,LUSC,MSS/MSI-L
1298226,LOU-NH91,lung_NSCLC,LUSC,MSS/MSI-L
1240183,NCI-H1869,lung_NSCLC,LUSC,MSS/MSI-L
687815,NCI-H2170,lung_NSCLC,LUSC,MSS/MSI-L
905941,NCI-H226,lung_NSCLC,LUSC,MSS/MSI-L
908443,NCI-H520,lung_NSCLC,LUSC,MSS/MSI-L
1298538,RERF-LC-SQ1,lung_NSCLC,LUSC,MSS/MSI-L
909728,SK-MES-1,lung_NSCLC,LUSC,MSS/MSI-L
724879,SW900,lung_NSCLC,LUSC,MSS/MSI-L
1322213,COR-L321,lung,UNABLE TO CLASSIFY,MSS/MSI-L
910692,COLO-668,lung_SCLC,SCLC,MSS/MSI-L
910937,COR-L279,lung_SCLC,SCLC,MSS/MSI-L
1297438,COR-L303,lung_SCLC,SCLC,MSS/MSI-L
687980,COR-L311,lung_SCLC,SCLC,MSS/MSI-L
1322212,COR-L32,lung_SCLC,SCLC,MSS/MSI-L
906808,COR-L88,lung_SCLC,SCLC,MSS/MSI-L
753547,CPC-N,lung_SCLC,SCLC,MSS/MSI-L
687983,DMS-114,lung_SCLC,SCLC,MSS/MSI-L
687985,DMS-273,lung_SCLC,SCLC,MSS/MSI-L
907295,DMS-53,lung_SCLC,SCLC,MSS/MSI-L
753564,IST-SL1,lung_SCLC,SCLC,MSS/MSI-L
753565,IST-SL2,lung_SCLC,SCLC,MSS/MSI-L
753582,LB647-SCLC,lung_SCLC,SCLC,MSS/MSI-L
753588,LU-134-A,lung_SCLC,SCLC,MSS/MSI-L
713899,LU-135,lung_SCLC,SCLC,MSS/MSI-L
713878,LU-139,lung_SCLC,SCLC,MSS/MSI-L
753589,LU-165,lung_SCLC,SCLC,MSS/MSI-L
753594,MS-1,lung_SCLC,SCLC,MSS/MSI-L
687995,NCI-H1048,lung_SCLC,SCLC,MSI-H
687997,NCI-H1092,lung_SCLC,SCLC,MSS/MSI-L
908468,NCI-H1105,lung_SCLC,SCLC,MSS/MSI-L
1330964,NCI-H1341,lung_SCLC,SCLC,MSS/MSI-L
688001,NCI-H1417,lung_SCLC,SCLC,MSS/MSI-L
908469,NCI-H1436,lung_SCLC,SCLC,MSS/MSI-L
910899,NCI-H146,lung_SCLC,SCLC,MSS/MSI-L
1298349,NCI-H1688,lung_SCLC,SCLC,MSS/MSI-L
688006,NCI-H1694,lung_SCLC,SCLC,MSS/MSI-L
1240182,NCI-H1836,lung_SCLC,SCLC,MSS/MSI-L
688007,NCI-H187,lung_SCLC,SCLC,MSS/MSI-L
1330972,NCI-H1876,lung_SCLC,SCLC,MSS/MSI-L
1240186,NCI-H196,lung_SCLC,SCLC,MSS/MSI-L
688010,NCI-H1963,lung_SCLC,SCLC,MSS/MSI-L
688011,NCI-H2029,lung_SCLC,SCLC,MSS/MSI-L
1330973,NCI-H2066,lung_SCLC,SCLC,MSS/MSI-L
688013,NCI-H209,lung_SCLC,SCLC,MSS/MSI-L
1240189,NCI-H211,lung_SCLC,SCLC,MSS/MSI-L
688014,NCI-H2141,lung_SCLC,SCLC,MSS/MSI-L
908481,NCI-H2196,lung_SCLC,SCLC,MSS/MSI-L
688018,NCI-H2227,lung_SCLC,SCLC,MSS/MSI-L
924241,NCI-H250,lung_SCLC,SCLC,MSS/MSI-L
688021,NCI-H345,lung_SCLC,SCLC,MSS/MSI-L
688022,NCI-H378,lung_SCLC,SCLC,MSS/MSI-L
688023,NCI-H446,lung_SCLC,SCLC,MSS/MSI-L
753605,NCI-H510A,lung_SCLC,SCLC,MSS/MSI-L
908483,NCI-H524,lung_SCLC,SCLC,MSS/MSI-L
688025,NCI-H526,lung_SCLC,SCLC,MSS/MSI-L
688026,NCI-H64,lung_SCLC,SCLC,MSS/MSI-L
688027,NCI-H69,lung_SCLC,SCLC,MSS/MSI-L
909194,NCI-H748,lung_SCLC,SCLC,MSS/MSI-L
688031,NCI-H82,lung_SCLC,SCLC,MSS/MSI-L
1240192,NCI-H841,lung_SCLC,SCLC,MSS/MSI-L
1240193,NCI-H847,lung_SCLC,SCLC,MSS/MSI-L
713885,SBC-1,lung_SCLC,SCLC,MSS/MSI-L
753610,SBC-3,lung_SCLC,SCLC,MSS/MSI-L
713880,SBC-5,lung_SCLC,SCLC,MSS/MSI-L
1290808,H2369,lung,MESO,MSS/MSI-L
1290809,H2373,lung,MESO,MSS/MSI-L
1290810,H2461,lung,MESO,MSS/MSI-L
1240131,H2591,lung,MESO,MSS/MSI-L
1240132,H2595,lung,MESO,MSS/MSI-L
1290812,H2722,lung,MESO,MSS/MSI-L
1240134,H2731,lung,MESO,MSS/MSI-L
1290813,H2795,lung,MESO,MSS/MSI-L
1240135,H2803,lung,MESO,MSS/MSI-L
1240136,H2804,lung,MESO,MSS/MSI-L
1240137,H2810,lung,MESO,MSS/MSI-L
1290814,H2818,lung,MESO,MSS/MSI-L
1240138,H2869,lung,MESO,MSS/MSI-L
1240139,H290,lung,MESO,MSS/MSI-L
1240141,H513,lung,MESO,MSS/MSI-L
907173,IST-MES1,lung,MESO,MSS/MSI-L
908150,MPP-89,lung,MESO,MSS/MSI-L
908152,MSTO-211H,lung,MESO,MSS/MSI-L
688058,NCI-H2052,lung,MESO,MSS/MSI-L
908462,NCI-H2452,lung,MESO,MSS/MSI-L
908470,NCI-H28,lung,MESO,MSS/MSI-L
687561,42-MG-BA,nervous_system,GBM,MSS/MSI-L
687562,8-MG-BA,nervous_system,GBM,MSS/MSI-L
687563,A172,nervous_system,GBM,MSS/MSI-L
910933,AM-38,nervous_system,GBM,MSS/MSI-L
906746,BECKER,nervous_system,GBM,MSS/MSI-L
910943,CAS-1,nervous_system,GBM,MSS/MSI-L
906823,CCF-STTG1,nervous_system,GBM,MSS/MSI-L
946367,D-247MG,nervous_system,GBM,MSS/MSI-L
946368,D-263MG,nervous_system,GBM,MSS/MSI-L
946369,D-336MG,nervous_system,LGG,MSS/MSI-L
946370,D-392MG,nervous_system,GBM,MSS/MSI-L
946373,D-502MG,nervous_system,LGG,MSS/MSI-L
753549,D-542MG,nervous_system,GBM,MSS/MSI-L
946377,D-566MG,nervous_system,GBM,MSS/MSI-L
906835,DBTRG-05MG,nervous_system,GBM,MSS/MSI-L
906839,DK-MG,nervous_system,GBM,MSS/MSI-L
906868,GAMG,nervous_system,LGG,MSS/MSI-L
687568,GB-1,nervous_system,GBM,MSS/MSI-L
906871,GI-1,nervous_system,LGG,MSS/MSI-L
906873,GMS-10,nervous_system,GBM,MSS/MSI-L
907042,H4,nervous_system,LGG,MSS/MSI-L
1240150,HS683,nervous_system,LGG,MSS/MSI-L
907271,KALS-1,nervous_system,LGG,MSS/MSI-L
907279,KINGS-1,nervous_system,LGG,MSS/MSI-L
907282,KNS-42,nervous_system,LGG,MSS/MSI-L
924188,KNS-81-FD,nervous_system,LGG,MSS/MSI-L
907313,KS-1,nervous_system,GBM,MSS/MSI-L
1240168,LN-18,nervous_system,GBM,MSS/MSI-L
1240169,LN-229,nervous_system,GBM,MSS/MSI-L
910694,LN-405,nervous_system,GBM,MSS/MSI-L
1240170,LNZTA3WT4,nervous_system,GBM,MSS/MSI-L
949094,M059J,nervous_system,GBM,MSS/MSI-L
908144,MOG-G-CCM,nervous_system,LGG,MSS/MSI-L
908145,MOG-G-UVW,nervous_system,LGG,MSS/MSI-L
908449,NMC-G1,nervous_system,LGG,MSS/MSI-L
908452,NO-10,nervous_system,LGG,MSS/MSI-L
908450,NO-11,nervous_system,LGG,MSS/MSI-L
909712,SF126,nervous_system,GBM,MSS/MSI-L
905986,SF268,nervous_system,GBM,MSS/MSI-L
905985,SF295,nervous_system,GBM,MSS/MSI-L
905984,SF539,nervous_system,LGG,MSS/MSI-L
909729,SK-MG-1,nervous_system,GBM,MSS/MSI-L
905982,SNB75,nervous_system,GBM,MSS/MSI-L
909745,SW1088,nervous_system,GBM,MSS/MSI-L
909750,SW1783,nervous_system,LGG,MSS/MSI-L
687586,T98G,nervous_system,GBM,MSS/MSI-L
687588,U-118-MG,nervous_system,GBM,MSS/MSI-L
905983,U251,nervous_system,GBM,MSS/MSI-L
687590,U-87-MG,nervous_system,GBM,MSS/MSI-L
909905,YH-13,nervous_system,GBM,MSS/MSI-L
687592,YKG-1,nervous_system,GBM,MSS/MSI-L
906834,D-283MED,nervous_system,MB,MSS/MSI-L
906833,DAOY,nervous_system,MB,MSS/MSI-L
909248,ONS-76,nervous_system,MB,MSS/MSI-L
683667,PFSK-1,nervous_system,MB,MSS/MSI-L
753616,BE2-M17,neuroblastoma,NB,MSS/MSI-L
910567,CHP-126,neuroblastoma,NB,MSS/MSI-L
910941,CHP-134,neuroblastoma,NB,MSS/MSI-L
906820,CHP-212,neuroblastoma,NB,MSS/MSI-L
906872,GI-ME-N,neuroblastoma,NB,MSS/MSI-L
906875,GOTO,neuroblastoma,NB,MSS/MSI-L
907170,IMR-5,neuroblastoma,NB,MSS/MSI-L
753618,KELLY,neuroblastoma,NB,MSS/MSI-L
907314,KP-N-YN,neuroblastoma,NB,MSS/MSI-L
949170,LAN-6,neuroblastoma,NB,MSS/MSI-L
908135,MHH-NB-11,neuroblastoma,NB,MSS/MSI-L
1240181,NB(TU)1-10,neuroblastoma,NB,MSS/MSI-L
949179,NB1,neuroblastoma,NB,MSS/MSI-L
949171,NB10,neuroblastoma,NB,MSS/MSI-L
949172,NB12,neuroblastoma,NB,MSS/MSI-L
949177,NB13,neuroblastoma,NB,MSS/MSI-L
949178,NB14,neuroblastoma,NB,MSS/MSI-L
949175,NB17,neuroblastoma,NB,MSS/MSI-L
949176,NB5,neuroblastoma,NB,MSS/MSI-L
949173,NB6,neuroblastoma,NB,MSS/MSI-L
908440,NB69,neuroblastoma,NB,MSS/MSI-L
949174,NB7,neuroblastoma,NB,MSS/MSI-L
908447,NH-12,neuroblastoma,NB,MSS/MSI-L
753620,SIMA,neuroblastoma,NB,MSS/MSI-L
724828,SK-N-AS,neuroblastoma,NB,MSS/MSI-L
688086,SK-N-DZ,neuroblastoma,NB,MSS/MSI-L
688087,SK-N-FI,neuroblastoma,NB,MSS/MSI-L
717431,SK-N-SH,neuroblastoma,NB,MSS/MSI-L
910780,TGW,neuroblastoma,NB,MSS/MSI-L
910702,ASPC-1,pancreas,PAAD,MSS/MSI-L
906693,BXPC-3,pancreas,PAAD,MSS/MSI-L
753624,CAPAN-1,pancreas,PAAD,MSS/MSI-L
910915,CAPAN-2,pancreas,PAAD,MSS/MSI-L
906821,CFPAC-1,pancreas,PAAD,MSS/MSI-L
1290797,DAN-G,pancreas,PAAD,MSS/MSI-L
1298136,HPAC,pancreas,PAAD,MSS/MSI-L
724869,HPAF-II,pancreas,PAAD,MSS/MSI-L
1298141,HS766T,pancreas,PAAD,MSS/MSI-L
907285,HUP-T3,pancreas,PAAD,MSS/MSI-L
907286,HUP-T4,pancreas,PAAD,MSS/MSI-L
1298216,KP-1N,pancreas,PAAD,MSS/MSI-L
1298219,KP-3,pancreas,UNABLE TO CLASSIFY,MSS/MSI-L
753572,KP-4,pancreas,PAAD,MSS/MSI-L
724870,MIA-PACA-2,pancreas,PAAD,MSS/MSI-L
753595,MZ1-PC,pancreas,PAAD,MSS/MSI-L
1298475,PANC-02-03,pancreas,PAAD,MSS/MSI-L
925346,PANC-03-27,pancreas,PAAD,MSS/MSI-L
1298476,PANC-04-03,pancreas,PAAD,MSS/MSI-L
925347,PANC-08-13,pancreas,PAAD,MSS/MSI-L
925348,PANC-10-05,pancreas,PAAD,MSS/MSI-L
1298526,PA-TU-8902,pancreas,PAAD,MSS/MSI-L
1240201,PA-TU-8988T,pancreas,PAAD,MSS/MSI-L
1240208,PL18,pancreas,PAAD,MSS/MSI-L
1298533,PL4,pancreas,PAAD,MSS/MSI-L
910546,PSN1,pancreas,PAAD,MSS/MSI-L
1298534,QGP-1,pancreas,UNCLASSIFIED,MSS/MSI-L
1240218,SU8686,pancreas,PAAD,MSS/MSI-L
1240219,SUIT-2,pancreas,PAAD,MSS/MSI-L
910907,SW1990,pancreas,PAAD,MSS/MSI-L
909904,YAPC,pancreas,PAAD,MSS/MSI-L
1287706,451LU,skin,SKCM,MSS/MSI-L
910921,A101D,skin,SKCM,MSS/MSI-L
906792,A2058,skin,SKCM,MSS/MSI-L
906793,A375,skin,SKCM,MSS/MSI-L
906830,C32,skin,SKCM,MSS/MSI-L
910853,CHL-1,skin,SKCM,MSS/MSI-L
906818,COLO-679,skin,SKCM,MSS/MSI-L
906814,COLO-792,skin,SKCM,MSS/MSI-L
906813,COLO-800,skin,SKCM,MSS/MSI-L
687448,COLO-829,skin,SKCM,MSS/MSI-L
753545,CP50-MEL-B,skin,SKCM,MSS/MSI-L
753546,CP66-MEL,skin,SKCM,MSS/MSI-L
906865,G-361,skin,SKCM,MSS/MSI-L
910932,GAK,skin,SKCM,MSS/MSI-L
1240130,G-MEL,skin,SKCM,MSS/MSI-L
907058,HMV-II,skin,SKCM,MSS/MSI-L
1298145,HS940-T,skin,SKCM,MSS/MSI-L
907067,HT-144,skin,SKCM,MSS/MSI-L
907169,IGR-1,skin,SKCM,MSS/MSI-L
1240153,IGR-37,skin,SKCM,MSS/MSI-L
907171,IPC-298,skin,SKCM,MSS/MSI-L
907172,IST-MEL1,skin,SKCM,MSS/MSI-L
753579,LB2518-MEL,skin,SKCM,MSS/MSI-L
753581,LB373-MEL-D,skin,SKCM,MSS/MSI-L
905974,LOXIMVI,skin,SKCM,MSS/MSI-L
905975,M14,skin,SKCM,MSS/MSI-L
908124,MEL-HO,skin,SKCM,MSS/MSI-L
908125,MEL-JUSO,skin,SKCM,MSS/MSI-L
908128,MEWO,skin,SKCM,MSS/MSI-L
925339,MMAC-SF,skin,SKCM,MSS/MSI-L
971777,MZ2-MEL,skin,SKCM,MSS/MSI-L
753596,MZ7-MEL,skin,SKCM,MSS/MSI-L
910903,RPMI-7951,skin,SKCM,MSS/MSI-L
909706,RVH-421,skin,SKCM,MSS/MSI-L
909713,SH-4,skin,SKCM,MSS/MSI-L
909723,SK-MEL-1,skin,SKCM,MSS/MSI-L
905955,SK-MEL-2,skin,SKCM,MSI-H
909725,SK-MEL-24,skin,SKCM,MSS/MSI-L
905954,SK-MEL-28,skin,SKCM,MSS/MSI-L
909724,SK-MEL-3,skin,SKCM,MSS/MSI-L
909726,SK-MEL-30,skin,SKCM,MSS/MSI-L
909727,SK-MEL-31,skin,SKCM,MSS/MSI-L
905956,SK-MEL-5,skin,SKCM,MSS/MSI-L
905977,UACC-257,skin,SKCM,MSS/MSI-L
905976,UACC-62,skin,SKCM,MSS/MSI-L
909784,WM-115,skin,SKCM,MSS/MSI-L
1299078,WM1552C,skin,SKCM,MSS/MSI-L
1240226,WM278,skin,SKCM,MSS/MSI-L
1299080,WM35,skin,SKCM,MSS/MSI-L
1299081,WM793B,skin,SKCM,MSS/MSI-L
910697,A388,skin,UNCLASSIFIED,MSS/MSI-L
910925,A431,skin,UNCLASSIFIED,MSS/MSI-L
906841,DJM-1,skin,UNCLASSIFIED,MSS/MSI-L
907064,HT-1080,soft_tissue,UNCLASSIFIED,MSS/MSI-L
909754,SW684,soft_tissue,UNCLASSIFIED,MSS/MSI-L
910784,A204,soft_tissue,UNCLASSIFIED,MSS/MSI-L
684052,A673,soft_tissue,UNCLASSIFIED,MSS/MSI-L
1240166,KYM-1,soft_tissue,UNCLASSIFIED,MSS/MSI-L
909264,RD,soft_tissue,UNCLASSIFIED,MSS/MSI-L
971773,RH-1,soft_tissue,UNCLASSIFIED,MSS/MSI-L
971774,RH-18,soft_tissue,UNCLASSIFIED,MSS/MSI-L
1240210,RH-41,soft_tissue,UNCLASSIFIED,MSS/MSI-L
909716,SJRH30,soft_tissue,UNCLASSIFIED,MSS/MSI-L
924248,TE-441-T,soft_tissue,UNCLASSIFIED,MSS/MSI-L
907298,G-402,soft_tissue,UNCLASSIFIED,MSS/MSI-L
906999,GCT,soft_tissue,UNCLASSIFIED,MSS/MSI-L
925343,MFH-INO,soft_tissue,UNCLASSIFIED,MSS/MSI-L
909720,SK-LMS-1,soft_tissue,UNCLASSIFIED,MSS/MSI-L
909732,SK-UT-1,soft_tissue,UNCLASSIFIED,MSI-H
909756,SW872,soft_tissue,UNCLASSIFIED,MSS/MSI-L
909759,SW982,soft_tissue,UNCLASSIFIED,MSS/MSI-L
688121,VA-ES-BJ,soft_tissue,UNCLASSIFIED,MSS/MSI-L
906795,8305C,thyroid,THCA,MSS/MSI-L
924102,8505C,thyroid,THCA,MSS/MSI-L
1290722,ASH-3,thyroid,THCA,MSS/MSI-L
924104,BCPAP,thyroid,THCA,MSS/MSI-L
906696,BHT-101,thyroid,THCA,MSS/MSI-L
906828,CAL-62,thyroid,THCA,MSS/MSI-L
910568,CGTH-W-1,thyroid,THCA,MSS/MSI-L
906864,FTC-133,thyroid,THCA,MSS/MSI-L
924151,HTC-C3,thyroid,THCA,MSS/MSI-L
1240154,IHH-4,thyroid,THCA,MSS/MSI-L
924238,K5,thyroid,THCA,MSS/MSI-L
1240178,ML-1,thyroid,THCA,MSS/MSI-L
930083,RO82-W-1,thyroid,THCA,MSS/MSI-L
930299,TT,thyroid,THCA,MSS/MSI-L
1240223,TT2609-C02,thyroid,THCA,MSS/MSI-L
687452,5637,urogenital_system,BLCA,MSS/MSI-L
906798,639-V,urogenital_system,BLCA,MSS/MSI-L
906797,647-V,urogenital_system,BLCA,MSS/MSI-L
910926,BFTC-905,urogenital_system,BLCA,MSS/MSI-L
1290730,CAL-29,urogenital_system,BLCA,MSS/MSI-L
753552,DSH1,urogenital_system,BLCA,MSS/MSI-L
907065,HT-1197,urogenital_system,BLCA,MSS/MSI-L
907066,HT-1376,urogenital_system,BLCA,MSS/MSI-L
753566,J82,urogenital_system,BLCA,MSS/MSI-L
907312,KU-19-19,urogenital_system,BLCA,MSS/MSI-L
753584,LB831-BLC,urogenital_system,BLCA,MSS/MSI-L
909704,RT-112,urogenital_system,BLCA,MSS/MSI-L
687455,RT4,urogenital_system,BLCA,MSS/MSI-L
909749,SW1710,urogenital_system,BLCA,MSS/MSI-L
687457,SW780,urogenital_system,BLCA,MSS/MSI-L
724812,T-24,urogenital_system,BLCA,MSS/MSI-L
687459,TCCSUP,urogenital_system,BLCA,MSS/MSI-L
724838,UM-UC-3,urogenital_system,BLCA,MSS/MSI-L
909780,VM-CUB-1,urogenital_system,BLCA,MSS/MSI-L
687505,C-33-A,urogenital_system,CESC,MSI-H
687506,C-4-I,urogenital_system,CESC,MSS/MSI-L
924107,CAL-39,urogenital_system,CESC,MSS/MSI-L
906824,CA-SKI,urogenital_system,CESC,MSS/MSI-L
906843,DOTC2-4510,urogenital_system,CESC,MSS/MSI-L
1298134,HELA,urogenital_system,CESC,MSS/MSI-L
907068,HT-3,urogenital_system,CESC,MSS/MSI-L
687514,ME-180,urogenital_system,CESC,MSS/MSI-L
1240179,MS751,urogenital_system,CESC,MSS/MSI-L
930297,SIHA,urogenital_system,CESC,MSS/MSI-L
1240212,SISO,urogenital_system,CESC,MSS/MSI-L
930298,SKG-IIIA,urogenital_system,CESC,MSS/MSI-L
724839,SW756,urogenital_system,CESC,MSS/MSI-L
946357,TC-YIK,urogenital_system,UNCLASSIFIED,MSS/MSI-L
910781,AN3-CA,urogenital_system,UCEC,MSI-H
910691,COLO-684,urogenital_system,UCEC,MSI-H
1240127,EN,urogenital_system,UCEC,MSS/MSI-L
907000,ESS-1,urogenital_system,UNCLASSIFIED,MSS/MSI-L
907051,HEC-1,urogenital_system,UCEC,MSI-H
924187,KLE,urogenital_system,UCEC,MSS/MSI-L
908129,MFE-280,urogenital_system,UCEC,MSS/MSI-L
908130,MFE-296,urogenital_system,UCEC,MSI-H
1240174,MFE-319,urogenital_system,UCEC,MSI-H
909735,SNG-M,urogenital_system,UCEC,MSI-H
906804,A2780,urogenital_system,UNABLE TO CLASSIFY,MSS/MSI-L
949090,CAOV-4,urogenital_system,OV,MSS/MSI-L
911905,EFO-21,urogenital_system,OV,MSS/MSI-L
906852,EFO-27,urogenital_system,UNCLASSIFIED,MSI-H
1240128,ES-2,urogenital_system,UNCLASSIFIED,MSS/MSI-L
1240129,FU-OV-1,urogenital_system,OV,MSS/MSI-L
905968,IGROV-1,urogenital_system,OV,MSI-H
1479995,JHOS-2,urogenital_system,OV,MSS/MSI-L
1480358,JHOS-3,urogenital_system,OV,MSS/MSI-L
1480359,JHOS-4,urogenital_system,OV,MSS/MSI-L
924186,KGN,urogenital_system,UNCLASSIFIED,MSS/MSI-L
909975,KURAMOCHI,urogenital_system,UNABLE TO CLASSIFY,MSS/MSI-L
946360,OAW-28,urogenital_system,OV,MSS/MSI-L
910548,OAW-42,urogenital_system,OV,MSS/MSI-L
909257,OC-314,urogenital_system,OV,MSI-H
1480361,OV-17R,urogenital_system,OV,MSS/MSI-L
1480362,OV-56,urogenital_system,OV,MSS/MSI-L
1480360,OV-7,urogenital_system,OV,MSS/MSI-L
1240197,OV-90,urogenital_system,OV,MSS/MSI-L
1480364,OVCA420,urogenital_system,OV,MSS/MSI-L
905933,OVCAR-3,urogenital_system,OV,MSS/MSI-L
905990,OVCAR-4,urogenital_system,OV,MSS/MSI-L
905969,OVCAR-5,urogenital_system,OV,MSS/MSI-L
905991,OVCAR-8,urogenital_system,OV,MSS/MSI-L
1240198,OVISE,urogenital_system,OV,MSS/MSI-L
1480371,OVK-18,urogenital_system,OV,MSI-H
1240199,OVKATE,urogenital_system,OV,MSS/MSI-L
1240200,OVMIU,urogenital_system,OV,MSS/MSI-L
1298365,OVTOKO,urogenital_system,OV,MSS/MSI-L
909255,PA-1,urogenital_system,UNCLASSIFIED,MSS/MSI-L
1480372,PEO1,urogenital_system,OV,MSS/MSI-L
1298539,RKN,urogenital_system,UNCLASSIFIED,MSS/MSI-L
909699,RMG-I,urogenital_system,UNCLASSIFIED,MSS/MSI-L
905959,SK-OV-3,urogenital_system,OV,MSI-H
909753,SW626,urogenital_system,OV,MSS/MSI-L
1299070,TOV-112D,urogenital_system,OV,MSS/MSI-L
1240222,TOV-21G,urogenital_system,OV,MSI-H
909774,TYK-NU,urogenital_system,UNABLE TO CLASSIFY,MSS/MSI-L
1480374,UWB1.289,urogenital_system,OV,MSS/MSI-L
924100,22RV1,urogenital_system,PRAD,MSI-H
924105,BPH-1,urogenital_system,UNCLASSIFIED,MSS/MSI-L
905935,DU-145,urogenital_system,PRAD,MSI-H
907788,LNCAP-CLONE-FGC,urogenital_system,PRAD,MSI-H
905934,PC-3,urogenital_system,PRAD,MSS/MSI-L
1330993,PWR-1E,urogenital_system,PRAD,MSS/MSI-L
1299075,VCAP,urogenital_system,PRAD,MSS/MSI-L
908441,NCCIT,urogenital_system,UNCLASSIFIED,MSS/MSI-L
910942,NEC8,urogenital_system,UNCLASSIFIED,MSS/MSI-L
908454,NTERA-2 CL.D1,urogenital_system,UNCLASSIFIED,MSS/MSI-L
907175,JAR,urogenital_system,UNCLASSIFIED,MSS/MSI-L
907176,JEG-3,urogenital_system,UNCLASSIFIED,MSS/MSI-L
924247,SW954,urogenital_system,UNCLASSIFIED,MSS/MSI-L
909758,SW962,urogenital_system,UNCLASSIFIED,MSS/MSI-L
908127,MES-SA,urogenital_system,UNCLASSIFIED,MSS/MSI-L
1240215,SKN,urogenital_system,UNCLASSIFIED,MSS/MSI-L
753551,DMS-79,lung_SCLC,SCLC,
910566,CMK,leukemia,LAML,MSS/MSI-L
1323913,NB-4,leukemia,LAML,MSS/MSI-L
908133,MHH-CALL-4,leukemia,UNCLASSIFIED,MSS/MSI-L
910918,BC-3,lymphoma,DLBC,MSS/MSI-L
907063,HT,lymphoma,DLBC,MSI-H
1327768,JM1,lymphoma,DLBC,MSS/MSI-L
906695,BONNA-12,leukemia,UNCLASSIFIED,MSS/MSI-L
949157,ES6,bone,UNCLASSIFIED,MSS/MSI-L
908134,MHH-ES-1,bone,UNCLASSIFIED,MSS/MSI-L
1789883,DIFI,large_intestine,COAD/READ,MSS/MSI-L
908442,NCI-H508,large_intestine,COAD/READ,MSS/MSI-L
1659929,SNU-283,large_intestine,COAD/READ,MSS/MSI-L
905962,SW620,large_intestine,COAD/READ,MSS/MSI-L
1240157,JHH-2,digestive_system,LIHC,MSS/MSI-L
1240158,JHH-4,digestive_system,LIHC,MSS/MSI-L
1524415,RCC-JF,kidney,KIRC,MSS/MSI-L
1240220,SW156,kidney,KIRC,MSS/MSI-L
905972,HOP-62,lung_NSCLC,LUAD,MSS/MSI-L
687794,NCI-H1437,lung_NSCLC,LUAD,MSS/MSI-L
1240202,PC-3 [JPC-3],lung_NSCLC,LUAD,MSS/MSI-L
1331055,NCI-H740,lung_SCLC,SCLC,MSS/MSI-L
1297439,COR-L95,lung_SCLC,SCLC,MSS/MSI-L
1303901,HCC-33,lung_SCLC,SCLC,MSS/MSI-L
753597,NCI-H128,lung_SCLC,SCLC,MSS/MSI-L
753599,NCI-H1304,lung_SCLC,SCLC,MSS/MSI-L
908480,NCI-H2081,lung_SCLC,SCLC,MSS/MSI-L
688015,NCI-H2171,lung_SCLC,SCLC,MSS/MSI-L
724872,SHP-77,lung_SCLC,SCLC,MSS/MSI-L
1299062,SW1271,lung_SCLC,SCLC,MSS/MSI-L
946372,D-423MG,nervous_system,GBM,MSS/MSI-L
924189,KP-N-RT-BM-1,neuroblastoma,NB,MSS/MSI-L
946363,KP-N-YS,neuroblastoma,NB,MSS/MSI-L
908118,MC-IXC,neuroblastoma,NB,MSS/MSI-L
1240125,COLO-783,skin,SKCM,MSS/MSI-L
949092,CP67-MEL,skin,SKCM,MSS/MSI-L
1240149,HS633T,soft_tissue,UNCLASSIFIED,MSS/MSI-L
1298167,KMH-2,thyroid,THCA,MSS/MSI-L
949154,OMC-1,urogenital_system,CESC,MSS/MSI-L
930082,RL95-2,urogenital_system,UNCLASSIFIED,MSI-H
906825,CAOV-3,urogenital_system,OV,MSS/MSI-L
1479987,DOV13,urogenital_system,OV,MSS/MSI-L
1479988,HEY,urogenital_system,OV,MSS/MSI-L
1330975,NCI-H660,urogenital_system,UNCLASSIFIED,MSS/MSI-L
1298156,JHU-029,aero_dig_tract,HNSC,
1299052,SCC90,aero_dig_tract,HNSC,
1330948,MOLM-16,leukemia,LAML,
1659819,OCI-LY7,lymphoma,DLBC,
1659817,KMS-11,myeloma,MM,
1290767,CHSA0011,bone,UNCLASSIFIED,
1290768,CHSA0108,bone,UNCLASSIFIED,
1298157,JIMT-1,breast,BRCA,
1290771,CL-34,large_intestine,COAD/READ,
713869,VMRC-LCD,lung_NSCLC,LUAD,
1298160,K2,skin,SKCM,
1299061,STS-0421,soft_tissue,UNCLASSIFIED,
1330960,MY-M12,leukemia,ALL,MSS/MSI-L
909762,TALL-1,leukemia,ALL,MSS/MSI-L
1330981,NK-92MI,lymphoma,UNCLASSIFIED,MSS/MSI-L
908120,MDA-MB-175-VII,breast,BRCA,MSS/MSI-L
1303911,YMB-1-E,breast,BRCA,MSS/MSI-L
1240224,VMRC-RCW,kidney,KIRC,MSS/MSI-L
905943,NCI-H460,lung_NSCLC,UNCLASSIFIED,MSS/MSI-L
930081,RERF-LC-FM,lung_SCLC,SCLC,MSS/MSI-L
946366,D-245MG,nervous_system,GBM,MSS/MSI-L
1298144,HS939-T,skin,SKCM,MSS/MSI-L
930301,VMRC-MELG,skin,SKCM,MSS/MSI-L
1480367,OVCA433,urogenital_system,OV,MSS/MSI-L
1299069,TMK-1,digestive_system,STAD,
1298218,KP-2,pancreas,PAAD,
1330932,KO52,leukemia,LAML,MSS/MSI-L
1331030,SC-1,lymphoma,DLBC,MSS/MSI-L
1503373,U-CH2,bone,UNCLASSIFIED,MSS/MSI-L
