drug_id,drug_name,target_gene,target_pathway
1,Erlotinib,EGFR,EGFR signaling
3,Rapamycin,MTORC1,PI3K/MTOR signaling
5,Sunitinib,"PDGFR, KIT, VEGFR, FLT3, RET, CSF1R",RTK signaling
6,Pha-665752,MET,RTK signaling
9,Mg-132,"Proteasome, CAPN1",Protein stability and degradation
11,Paclitaxel,Microtubule stabiliser,Mitosis
17,Cyclopamine,SMO,Other
29,Az628,BRAF,ERK MAPK signaling
30,Sorafenib,"PDGFR, KIT, VEGFR, RAF",RTK signaling
32,Tozasertib,"AURKA, AURKB, AURKC, others",Mitosis
34,Imatinib,"ABL, KIT, PDGFR","Other, kinases"
35,Nvp-Tae684,ALK,RTK signaling
37,Crizotinib,"MET, ALK, ROS1",RTK signaling
38,Saracatinib,"ABL, SRC","Other, kinases"
41,S-Trityl-L-Cysteine,KIF11,Mitosis
45,Z-Llnle-Cho,gamma-secretase,Other
51,Dasatinib,"ABL, SRC, Ephrins, PDGFR, KIT",RTK signaling
52,Gnf-2,BCR-ABL,ABL signaling
53,Cgp-60474,"CDK1,CDK2,CDK5,CDK7,CDK9, PKC",Cell cycle
54,Cgp-082996,CDK4,Cell cycle
55,A-770041,"LCK, FYN","Other, kinases"
56,Wh-4-023,"SRC, LCK","Other, kinases"
59,Wz-1-84,BMX,"Other, kinases"
60,Bi-2536,"PLK1, PLK2, PLK3",Cell cycle
62,Bms-536924,"IGF1R, IR",IGF1R signaling
63,Bms-509744,ITK,"Other, kinases"
64,Cmk,RSK2,"Other, kinases"
71,Pyrimethamine,Dihydrofolate reductase (DHFR),Other
83,Jw-7-52-1,MTOR,PI3K/MTOR signaling
86,A-443654,"AKT1, AKT2, AKT3",PI3K/MTOR signaling
87,Gw843682X,PLK1,Cell cycle
88,Entinostat,"HDAC1, HDAC3",Chromatin histone acetylation
89,Parthenolide,HDAC1,Chromatin histone acetylation
91,Gsk319347A,IKK,"Other, kinases"
94,Tgx221,PI3Kbeta,PI3K/MTOR signaling
104,Bortezomib,Proteasome,Protein stability and degradation
106,Xmd8-85,"ERK5, BET",Other
110,Seliciclib,"CDK2, CDK7, CDK9",Cell cycle
111,Salubrinal,EIF2A,Other
119,Lapatinib,"EGFR, ERBB2",RTK signaling
127,Gsk269962A,"ROCK1, ROCK2",Cytoskeleton
133,Doxorubicin,Anthracycline,DNA replication
134,Etoposide,TOP2,DNA replication
135,Gemcitabine,Pyrimidine antimetabolite,DNA replication
136,Mitomycin-C,DNA crosslinker,DNA replication
140,Vinorelbine,Microtubule destabiliser,Mitosis
147,Nsc-87877,"SHP-1 (PTPN6), SHP-2 (PTPN11)",Other
150,Bicalutamide,AR,Hormone-related
151,Qs11,ARFGAP1,Other
152,Cp466722,ATM,Genome integrity
153,Midostaurin,"PKC, PPK, FLT1, c-FGR, others",Other
154,Chir-99021,"GSK3A, GSK3B",WNT signaling
155,Ponatinib,"ABL, PDGFRA, VEGFR2, FGFR1, SRC, TIE2, FLT3","Other, kinases"
156,Azd6482,PI3Kbeta,PI3K/MTOR signaling
157,Jnk-9L,"JNK2, JNK3",JNK and p38 signaling
158,Pf-562271,"FAK, FAK2",Cytoskeleton
159,Hg6-64-1,BRAF,ERK MAPK signaling
163,Jq1,"BRD2, BRD3, BRD4, BRDT",Chromatin other
164,Jq12,"HDAC1, HDAC2",Chromatin histone acetylation
165,Dmog,HIF-PH,Metabolism
166,Fti-277,Farnesyl-transferase (FNTA),Other
167,Osu-03012,PDK1 (PDPK1),Metabolism
170,Shikonin,not defined,Other
171,Akt Inhibitor Viii,"AKT1, AKT2, AKT3",PI3K/MTOR signaling
172,Embelin,XIAP,Apoptosis regulation
173,Fh535,"PPARgamma, PPARdelta",Other
175,Pac-1,"Procaspase-3, Procaspase-7",Apoptosis regulation
176,Ipa-3,PAK1,Cytoskeleton
177,Gsk650394,"SGK2, SGK3","Other, kinases"
178,Bay-61-3606,SYK,"Other, kinases"
179,5-Fluorouracil,Antimetabolite (DNA & RNA),Other
180,Thapsigargin,SERCA,Other
182,Obatoclax Mesylate,"BCL2, BCL-XL, BCL-W, MCL1",Apoptosis regulation
184,Bms-754807,"IGF1R, IR",RTK signaling
185,Linsitinib,IGF1R,IGF1R signaling
186,Bexarotene,Retinioic X receptor (RXR) agonist,Other
190,Bleomycin,dsDNA break induction,DNA replication
192,Lfm-A13,BTK,"Other, kinases"
193,Gw-2580,CSF1R,RTK signaling
194,Luminespib,HSP90,Protein stability and degradation
196,Phenformin,Biguanide agent,Other
197,Bryostatin 1,PKC,Other
199,Pazopanib,"CSF1R, KIT,  PDGFRA, PDGFRB",RTK signaling
200,Dacinostat,HDAC1,Chromatin histone acetylation
201,Epothilone B,Microtubule stabiliser,Mitosis
202,Gsk1904529A,"IGF1R, IR",RTK signaling
203,Bms-345541,"IKK1, IKK2","Other, kinases"
204,Tipifarnib,Farnesyl-transferase (FNTA),Other
205,Avagacestat,"Amyloid beta20, Amyloid beta40",Other
206,Ruxolitinib,"JAK1, JAK2","Other, kinases"
207,As601245,"JNK1, JNK2, JNK2",JNK and p38 signaling
208,Ispinesib Mesylate,KSP,Mitosis
211,Tl-2-105,not defined,Other
219,At-7519,"CDK1, CDK2, CDK4, CDK6, CDK9",Cell cycle
221,Tak-715,"p38alpha, p38beta",JNK and p38 signaling
222,Bx-912,PDK1 (PDPK1),Metabolism
223,Zstk474,PI3K (class 1),PI3K/MTOR signaling
224,As605240,PI3Kgamma,PI3K/MTOR signaling
225,Genentech Cpd 10,"AURKA, AURKB",Mitosis
226,Gsk1070916,"AURKA, AURKC",Mitosis
228,Akt Inhibitor Viii,"AKT1, AKT2, AKT3",PI3K/MTOR signaling
229,Enzastaurin,PKCB,"Other, kinases"
230,Gsk429286A,"ROCK1, ROCK2",Cytoskeleton
231,Fmk,RSK,"Other, kinases"
235,Ql-Xii-47,"BTK, BMX","Other, kinases"
236,Ic-87114,PI3Kdelta,PI3K/MTOR signaling
238,Idelalisib,PI3Kdelta,PI3K/MTOR signaling
245,Unc0638,G9a and GLP methyltransferases,Chromatin histone methylation
249,Cabozantinib,"VEGFR, MET, RET, KIT, FLT1, FLT3, FLT4, TIE2,AXL",RTK signaling
252,Wz3105,"SRC, ROCK2, NTRK2, FLT3, IRAK1, others",Other
253,Xmd14-99,"ALK, CDK7, LTK, others","Other, kinases"
254,Quizartinib,FLT3,RTK signaling
255,Cp724714,ERBB2,EGFR signaling
256,Jw-7-24-1,LCK,"Other, kinases"
257,Npk76-Ii-72-1,PLK3,Cell cycle
258,Stf-62247,Autophagy inducer,Other
260,Ng-25,"TAK1, M4K2","Other, kinases"
261,Tl-1-85,"TAK1, MAP4K2","Other, kinases"
262,Vx-11E,ERK2,ERK MAPK signaling
263,Fr-180204,"ERK1, ERK2",ERK MAPK signaling
264,Acy-1215,HDAC6,Chromatin histone acetylation
265,Tubastatin A,"HDAC1, HDAC6, HDAC8",Chromatin histone acetylation
266,Zibotentan,Endothelin-1 receptor (EDNRA),Other
268,Sepantronium Bromide,BIRC5,Apoptosis regulation
269,Nsc-207895,MDM4,p53 pathway
271,Vnlg/124,"HDAC,RAR",Chromatin histone acetylation
272,Ar-42,HDAC1,Chromatin histone acetylation
273,Cudc-101,"HDAC1-10, EGFR, ERBB2",Other
274,Belinostat,HDAC1,Chromatin histone acetylation
275,I-Bet-762,"BRD2, BRD3, BRD4",Chromatin other
276,Cay10603,"HDAC1, HDAC6",Chromatin histone acetylation
277,Linifanib,"VEGFR1, VEGFR2, VEGFR3, CSF1R, FLT3, KIT",RTK signaling
279,Bix02189,"MEK5, ERK5",ERK MAPK signaling
281,Alectinib,ALK,RTK signaling
282,Pelitinib,EGFR,EGFR signaling
283,Omipalisib,"PI3K (class 1), MTORC1, MTORC2",PI3K/MTOR signaling
284,Jnj38877605,MET,RTK signaling
285,Su11274,MET,RTK signaling
286,Kin001-236,"HDAC6, HDAC10",Chromatin histone acetylation
287,Kin001-244,PDK1,"Other, kinases"
288,Whi-P97,JAK3,"Other, kinases"
289,Kin001-042,GSK3B,WNT signaling
290,Kin001-260,CDC7,DNA replication
291,Kin001-266,CDC7,DNA replication
292,Masitinib,"KIT, PDGFRA, PDGFRB",RTK signaling
293,Amuvatinib,"KIT, PDGFRA, FLT3",RTK signaling
294,Mps-1-In-1,MPS1,Mitosis
295,Nvp-Bhg712,"EPHB4, RAF, SRC, ABL","Other, kinases"
298,Osi-930,"KIT, VEGFR2",RTK signaling
299,Osi-027,"MTORC1, MTORC2",PI3K/MTOR signaling
300,Cx-5461,RNA Polymerase 1,Other
301,Pha-793887,"CDK2, CDK7, CDK5",Cell cycle
302,Pi-103,"PI3Kalpha, DAPK3, CLK4, PIM3, HIPK2","Other, kinases"
303,Pik-93,PK3CG,PI3K/MTOR signaling
304,Sb52334,ALK5,RTK signaling
305,Tpca-1,IKK2,"Other, kinases"
306,Fedratinib,JAK2,"Other, kinases"
308,Foretinib,"MET, KDR, TIE2, VEGFR3/FLT4, RON, PDGFR, FGFR1, EGFR",RTK signaling
309,Y-39983,ROCK,Cytoskeleton
310,Ym201636,PIKFYVE,PI3K/MTOR signaling
312,Tivozanib,"VEGFR1, VEGFR2, VEGFR3, PDGFR, KIT",RTK signaling
317,Wye-125132,mTOR,PI3K/MTOR signaling
326,Gsk690693,"AKT1, AKT2, AKT3",PI3K/MTOR signaling
328,Snx-2112,HSP90,Protein stability and degradation
329,Ql-Xi-92,DDR1,Cytoskeleton
330,Xmd13-2,MRCKB,Cytoskeleton
331,Ql-X-138,BTK,"Other, kinases"
332,Xmd15-27,CAMK2,"Other, kinases"
333,T0901317,"LXR, FXR",Other
341,Selisistat,SIRT1,Chromatin histone acetylation
342,Tenovin-6,SIRT,Chromatin histone acetylation
344,Thz-2-49,CDK9,Cell cycle
345,Kin001-270,CDK9,Other
346,Thz-2-102-1,CDK7,Cell cycle
356,At7867,AKT,PI3K/MTOR signaling
362,Ci-1033,"EGFR, ERBB2, ERBB4",RTK signaling
363,Pf-00299804,"EGFR, ERBB2, ERBB4",RTK signaling
366,Tws119,GSK3,WNT signaling
371,Torin 2,mTOR,PI3K/MTOR signaling
372,Pilaralisib,PI3K,PI3K/MTOR signaling
374,Gsk1059615,PI3K,PI3K/MTOR signaling
375,Voxtalisib,"PI3K (class 1), DNAPK, MTOR",PI3K/MTOR signaling
376,"Brivanib, Bms-540215","VEGFR, PDGFR",RTK signaling
380,Bibf-1120,"VEGFR, PDGFR, FGFR",RTK signaling
381,Ast-1306,"EGFR, ERBB4",RTK signaling
382,Apitolisib,"mTOR, PI3K",PI3K/MTOR signaling
406,Limk1 Inhibitor Bms4,LIMK1,Cytoskeleton
407,Kb Nb 142-70,PKD,"Other, kinases"
408,Sphingosine Kinase 1 Inhibitor Ii,Sphingosine Kinase,"Other, kinases"
409,"Eef2K Inhibitor, A-484954",eEF2K,"Other, kinases"
410,"Metap2 Inhibitor, A832234",MetAP2,Other
412,Venotoclax,BCL-2 selective,Apoptosis regulation
415,Cpi-613,"Metabo, Mitochondria",Other
416,Cay10566,Stearoyl-CoA desaturase,Other
427,Ara-G,Anti-metabolite,Other
428,Pemetrexed,TYMS,DNA replication
431,Alisertib,AURKA,Mitosis
432,Flavopiridol,CDK,Cell cycle
435,C-75,FAS,Apoptosis regulation
436,"Cap-232, Tt-232, Tln-232",Glycolysis,Metabolism
437,Trichostatin A,HDAC,Chromatin histone acetylation
438,Panobinostat,HDAC,Chromatin histone acetylation
439,Lcl161,"XIAP, cIAP1, cIAP2",Apoptosis regulation
442,Imd-0354,IKKb,"Other, kinases"
446,Mim1,MCL-1,Apoptosis regulation
447,Etp-45835,"MNK1, MNK2","Other, kinases"
449,Cd532,AURKA,Mitosis
461,Nsc319726,P53 Mut specific,p53 pathway
474,Arry-520,KIF11,Mitosis
476,Sb505124,"TGFBR1, ACVR1B, ACVR1C",RTK signaling
477,A-83-01,TGFB,Other
478,Ldn-193189,BMP,Other
546,Fty-720,S1P,Other
552,Bam7,Bax activator,Other
562,Agi-6780,IDH2(R140Q),Metabolism
563,Kobe2602,RAS effector,RTK signaling
573,Lgk974,PORCN,WNT signaling
574,Wnt-C59,PORCN,WNT signaling
576,Ru-Ski 43,Shh,Other
1001,Aica Ribonucleotide,AMPK agonist,Metabolism
1003,Camptothecin,TOP1,DNA replication
1004,Vinblastine,Microtubule destabiliser,Mitosis
1005,Cisplatin,DNA crosslinker,DNA replication
1006,Cytarabine,Antimetabolite,Other
1007,Docetaxel,Microtubule stabiliser,Mitosis
1008,Methotrexate,Antimetabolite,DNA replication
1009,Tretinoin,Retinoic acid,Other
1010,Gefitinib,EGFR,EGFR signaling
1011,Navitoclax,"BCL2, BCL-XL, BCL-W",Apoptosis regulation
1012,Vorinostat,"HDAC inhibitor Class I, IIa, IIb, IV",Chromatin histone acetylation
1013,Nilotinib,ABL,ABL signaling
1014,Refametinib,"MEK1, MEK2",ERK MAPK signaling
1015,Ci-1040,"MEK1, MEK2",ERK MAPK signaling
1016,Temsirolimus,MTOR,PI3K/MTOR signaling
1017,Olaparib,"PARP1, PARP2",Genome integrity
1018,Veliparib,"PARP1, PARP2",Genome integrity
1019,Bosutinib,"SRC, ABL, TEC","Other, kinases"
1020,Lenalidomide,CRBN,Protein stability and degradation
1021,Axitinib,"PDGFR, KIT, VEGFR",RTK signaling
1022,Azd7762,"CHEK1, CHEK2",Cell cycle
1023,Gw441756,NTRK1,RTK signaling
1024,Lestaurtinib,"FLT3, JAK2, NTRK1, NTRK2, NTRK3","Other, kinases"
1025,Sb216763,"GSK3A, GSK3B",WNT signaling
1026,Tanespimycin,HSP90,Protein stability and degradation
1028,Vx-702,p38,JNK and p38 signaling
1029,Motesanib,"VEGFR, RET, KIT, PDGFR",RTK signaling
1030,Ku-55933,ATM,Genome integrity
1031,Elesclomol,HSP90,Protein stability and degradation
1032,Afatinib,"EGFR, ERBB2",EGFR signaling
1033,Vismodegib,SMO,Other
1034,Staurosporine,Broad spectrum kinase inhibitor,RTK signaling
1036,Plx-4720,BRAF,ERK MAPK signaling
1037,Bx795,"TBK1, PDK1 (PDPK1), IKK, AURKB, AURKC","Other, kinases"
1038,Nu7441,DNAPK,Genome integrity
1039,Sl0101,"RSK, AURKB, PIM1, PIM3","Other, kinases"
1042,Doramapimod,"p38, JNK2",JNK and p38 signaling
1043,Jnk Inhibitor Viii,JNK,JNK and p38 signaling
1046,Wee1 Inhibitor,"WEE1, CHEK1",Cell cycle
1047,Nutlin-3A (-),MDM2,p53 pathway
1048,Mirin,MRE11,Genome integrity
1049,Pd173074,"FGFR1, FGFR2, FGFR3",RTK signaling
1050,Zm447439,"AURKA, AURKB",Mitosis
1051,Alisertib,AURKA,Mitosis
1052,Ro-3306,CDK1,Cell cycle
1053,Mk-2206,"AKT1, AKT2",PI3K/MTOR signaling
1054,Palbociclib,"CDK4, CDK6",Cell cycle
1057,Dactolisib,"PI3K (class 1), MTORC1, MTORC2",PI3K/MTOR signaling
1058,Pictilisib,PI3K (class 1),PI3K/MTOR signaling
1059,Azd8055,"MTORC1, MTORC2",PI3K/MTOR signaling
1060,Pd0325901,"MEK1, MEK2",ERK MAPK signaling
1061,Sb590885,BRAF,ERK MAPK signaling
1062,Selumetinib,"MEK1, MEK2",ERK MAPK signaling
1066,Azd6482,PIK3CB,PI3K/MTOR signaling
1067,Cct007093,PPM1D,Cell cycle
1068,Obatoclax Mesylate,"BCL2, BCL-XL, BCL-W, MCL1",Apoptosis regulation
1069,Eht-1864,"RAC1, RAC2, RAC3",Cytoskeleton
1070,Crt0105950,"JNK1, JNK2, JNK3",JNK and p38 signaling
1071,Crt0105446,"mTOR, LCK",PI3K/MTOR signaling
1072,Avagacestat,"Amyloid beta20, Amyloid beta40",Other
1073,5-Fluorouracil,Antimetabolite (DNA & RNA),Other
1079,Dasatinib,"ABL, SRC, Ephrins, PDGFR, KIT","Other, kinases"
1080,Paclitaxel,Microtubule stabiliser,Mitosis
1083,Crizotinib,"MET, ALK, ROS1",RTK signaling
1084,Rapamycin,MTORC1,PI3K/MTOR signaling
1085,Sorafenib,"PDGFR, KIT, VEGFR, RAF","Other, kinases"
1086,Bi-2536,"PLK1, PLK2, PLK3",Cell cycle
1088,Irinotecan,TOP1,DNA replication
1089,Oxaliplatin,DNA alkylating agent,DNA replication
1091,Bms-536924,"IGF1R, IR",IGF1R signaling
1093,Gsk1904529A,"IGF1R, IR",IGF1R signaling
1096,Tozasertib,"AURKA, AURKB, AURKC, others",Mitosis
1114,Cetuximab,EGFR,EGFR signaling
1128,Fs106,CHEK1,Cell cycle
1129,Pf-4708671,S6K1,PI3K/MTOR signaling
1131,Prima-1Met,TP53 activation,p53 pathway
1133,Serdemetan,MDM2,p53 pathway
1135,Azd4547,"FGRF1, FGFR2, FGFR3",RTK signaling
1136,Capivasertib,AKT,PI3K/MTOR signaling
1142,Hg-5-113-01,AURKA,Mitosis
1143,Hg-5-88-01,"TAK1, M4K2","Other, kinases"
1145,Thz-1-87,"BTK, BMX","Other, kinases"
1149,Tw 37,"BCL2, BCL-XL, MCL1",Apoptosis regulation
1155,Ql-Xii-47,IRAK1,"Other, kinases"
1157,Xmd11-50,"LRRK2, ERK5","Other, kinases"
1158,Xmd11-85H,"LRRK2, ERK5","Other, kinases"
1161,Zg-10,JNK1,JNK and p38 signaling
1164,Xmd8-92,ERK5,ERK MAPK signaling
1165,Thz-2-98-01,IRAK1,Unclassified
1166,Ql-Viii-58,"MTOR, ATR",Other
1167,Ng-25,TAK1,Unclassified
1168,Erlotinib,EGFR,EGFR signaling
1170,Cct-018159,HSP90,Protein stability and degradation
1175,Rucaparib,"PARP1, PARP2",Genome integrity
1177,Niraparib,"PARP1, PARP2",Genome integrity
1179,Mk-1775,"WEE1, PLK1",Cell cycle
1180,Dinaciclib,"CDK1, CDK2, CDK5, CDK9",Cell cycle
1183,Crt0160829,CDC7,DNA replication
1184,Az20,ATR,Genome integrity
1185,Ku-60019,ATM,Genome integrity
1186,Fs112,KS6B1 (p70S6K),PI3K/MTOR signaling
1187,Cct245232,HSF1,Unclassified
1188,Cct245467,HSF1,Unclassified
1190,Gemcitabine,Pyrimidine antimetabolite,DNA replication
1191,Bortezomib,Proteasome,Protein stability and degradation
1192,Gsk269962A,"ROCK1, ROCK2",Cytoskeleton
1194,Sb505124,"TGFBR1, ACVR1B, ACVR1C",RTK signaling
1195,Fy026,,Unclassified
1196,Fy069,,Unclassified
1197,Zl049,,Unclassified
1198,Fy012,,Unclassified
1199,Tamoxifen,ESR1,Hormone-related
1200,Fulvestrant,ESR,Hormone-related
1202,Torin2,"MTOR, ATM, ATR, DNAPK",PI3K/MTOR signaling
1203,Ql-Xii-61,"BMX, BTK","Other, kinases"
1204,Hg-6-71-01,"DDR1, DDR2, SRC","Other, kinases"
1218,Jq1,"BRD2, BRD3, BRD4, BRDT",Chromatin other
1219,Pfi-1,BRD4,Chromatin other
1230,Iox2,EGLN1,Other
1232,I-Bet-151,"BRD2, BRD3, BRD4",Chromatin other
1236,Unc0638,G9a and GLP methyltransferases,Chromatin histone methylation
1237,Epz004777,DOT1L,Chromatin histone methylation
1239,Yk-4-279,RNA helicase A,Other
1241,Chir-99021,"GSK3A, GSK3B",WNT signaling
1242,(5Z)-7-Oxozeaenol,TAK1,"Other, kinases"
1243,Piperlongumine,Induces reactive oxygen species,Other
1248,Daporinad,NAMPT,Metabolism
1249,Bms-345541,"IKK-1, IKK-2",Other
1250,Az960,"JAK2, JAK3","Other, kinases"
1251,N22899-6-C1,Peptidyl arginine deaminase (PAD),Unclassified
1252,N23918-95-7,JMJ histone demethylase,Chromatin histone methylation
1253,N24798-49-A1,JMJ histone demethylase,Chromatin histone methylation
1254,Gsk-J4,KDM6B,Chromatin histone methylation
1259,Talazoparib,"PARP1, PARP2",Genome integrity
1261,Rtrail,TRAIL receptor agonist,Apoptosis regulation
1262,Unc1215,L3MBTL3,Chromatin other
1263,Unc0642,"G9A, GLP",Chromatin histone methylation
1264,Sgc0946,DOT1L,Chromatin histone methylation
1266,Icl1100013,N-myristoyltransferase 1/2,Other
1268,Xav939,"TNKS1, TNKS2",WNT signaling
1359,965-D2,"MKNK1, MKNK2, PIM1, PIM3","Other, kinases"
1360,993-D2,"MKNK1, MKNK2","Other, kinases"
1362,Bay Acci,ACACA,Metabolism
1363,Bay Akt1,"AKT1, AKT2, AKT3",Apoptosis regulation
1364,Bay-Hdac11_1,HDAC11,Chromatin histone acetylation
1365,Bay-Hdac11_2,HDAC11,Chromatin histone acetylation
1367,Bay-Hdac11_4,HDAC11,Chromatin histone acetylation
1368,Bay-Mps1,MPS1,Mitosis
1369,Bay-Mps-Combo-1 (Paclitaxel 5 Um),TTK and microtubules,Mitosis
1370,Bay-Mps-Combo 2 (Paclitaxel 1 Um),TTK and microtubules,Unclassified
1371,Plx-4720,BRAF,ERK MAPK signaling
1372,Trametinib,"MEK1, MEK2",ERK MAPK signaling
1373,Dabrafenib,BRAF,ERK MAPK signaling
1375,Temozolomide,DNA alkylating agent,DNA replication
1377,Afatinib,"EGFR, ERBB2",EGFR signaling
1378,Bleomycin (50 Um),dsDNA break induction,DNA replication
1379,Zl109,DNA damage,Unclassified
1382,Azd3514,AR,Hormone-related
1386,Doxorubicin,Anthracycline,DNA replication
1392,Bleomycin (10 Um),dsDNA break induction,DNA replication
1393,Gemcitabine,Pyrimidine antimetabolite,DNA replication
1394,Azd6738,ATR,Genome integrity
1401,Azd5438,CDK2,Cell cycle
1402,Azd7762,"CHEK1, CHEK2",Cell cycle
1403,Azd6094,MET,RTK signaling
1407,Dyrk1B_0191,DYRK1B,"Other, kinases"
1409,Azd4877,EG5,Mitosis
1413,Ephb4_9721,EPHB4,RTK signaling
1414,Fulvestrant,ESR1,Hormone-related
1416,Azd8931,"EGFR, ERBB2, ERBB3",RTK signaling
1419,Fen1_3940,FEN1,Genome integrity
1421,Fgfr_0939,FGFR4,RTK signaling
1422,Fgfr_3831,"FGFR1, FGFR2, FGFR3, FGFR4",RTK signaling
1425,Bptes,GLS,Other
1426,Azd7969,GSK3B,WNT signaling
1427,Azd5582,IAP,Other
1428,Iap_5620,IAP,Other
1429,Iap_7638,IAP,Other
1430,Igfr_3801,IGFR1,IGF1R signaling
1432,Azd1480,"JAK1, JAK2","Other, kinases"
1433,Jak1_3715,JAK1,"Other, kinases"
1434,Jak3_7406,JAK3,"Other, kinases"
1436,Mct1_6447,MCT1,Cell cycle
1437,Mct4_1422,MCT4,Other
1441,Azd2014,"mTORC1, mTORC2",PI3K/MTOR signaling
1444,Azd8186,"PI3Kbeta, PI3Kdelta",PI3K/MTOR signaling
1445,Azd8835,"PI3Kalpha, PI3Kdelta",PI3K/MTOR signaling
1446,Pi3Ka_4409,"PI3Kalpha, PI3Kdelta",PI3K/MTOR signaling
1449,Azd1208,"PIM1, PIM2, PIM3","Other, kinases"
1451,Plk_6522,"PLK1, PLK2, PLK3",Cell cycle
1453,Raf_9304,"ARAF, BRAF, CRAF",ERK MAPK signaling
1458,Parp_9495,"PARP1, PARP2, PARP7",Genome integrity
1459,Parp_0108,"PARP1, PARP2, PARP6",Genome integrity
1460,Parp_9482,"PARP1, PARP2, PARP5a",Genome integrity
1461,Tank_1366,"Tankyrase 1/2 (PARP5a, PARP5b)",Genome integrity
1463,Azd1332,"NTRK1, NTRK2, NTRK3",RTK signaling
1464,Ttk_3146,TTK,Mitosis
1490,Sn-38,TOP1,DNA replication
1494,Sn-38,TOP1,DNA replication
1495,Olaparib,"PARP1, PARP2",Genome integrity
1496,Cisplatin,DNA crosslinker,DNA replication
1497,Azd4547,"FGFR1, FGFR2, FGFR3",RTK signaling
1498,Selumetinib,"MEK1, MEK2",ERK MAPK signaling
1502,Bicalutamide,AR,Hormone-related
1507,Ruxolitinib,"JAK1, JAK2","Other, kinases"
1510,Linsitinib,IGF1R,IGF1R signaling
1511,Epirubicin,Anthracycline,DNA replication
1512,Cyclophosphamide,Alkylating agent,DNA replication
1526,Refametinib,"MEK1, MEK2",ERK MAPK signaling
1527,Pictilisib,PI3K (class 1),PI3K/MTOR signaling
1529,Pevonedistat,NAE,Other
1530,Pfi-3,"PB1, SMARCA4, SMARCA2",Chromatin other
1531,I-Cbp112,"EP300, CBP",Chromatin histone acetylation
1549,Sapitinib,"EGFR, ERBB2, ERBB3",EGFR signaling
1553,Uprosertib,"AKT1, AKT2, AKT3",PI3K/MTOR signaling
1557,Lcl161,"XIAP, IAP1, IAP2",Apoptosis regulation
1558,Lapatinib,"EGFR, ERBB2",EGFR signaling
1559,Luminespib,HSP90,Protein stability and degradation
1560,Alpelisib,PI3Kalpha,PI3K/MTOR signaling
1561,Taselisib,PI3K (beta sparing),PI3K/MTOR signaling
1563,Epz5676,DOT1L,Chromatin histone methylation
1564,Sch772984,"ERK1, ERK2",ERK MAPK signaling
1576,Iwp-2,PORCN,WNT signaling
1578,Leflunomide,Pyrimidine synthesis inhibitor,DNA replication
1580,Gsk2801,,Chromatin other
1581,Bromosporine,"CECR2, BRD2, BRD4, BRD9",Chromatin other
1582,Sgc-Cbp30,"EP300, CBP",Chromatin histone acetylation
1583,Gsk-Lsd1,KDM1,Chromatin histone methylation
1584,Bdoca000347A,"BRPF1, BRPF2, BRPF3",Chromatin histone acetylation
1585,Bdf00022089A,"BRPF1, BRPF2, BRPF3",Chromatin histone acetylation
1586,Bdilv000379A,"BAZ2A, BAZ2B",Chromatin histone acetylation
1593,Entinostat,"HDAC1, HDAC3",Chromatin histone acetylation
1594,Osi-027,"MTORC1, MTORC2",PI3K/MTOR signaling
1598,Lgk974,PORCN,WNT signaling
1613,Ve-822,ATR,Genome integrity
1614,Wz4003,"NUAK1, NUAK2","Other, kinases"
1615,Czc24832,PI3Kgamma,PI3K/MTOR signaling
1617,Azd5582,"XIAP, cIAP",Apoptosis regulation
1618,Gsk2606414,PERK,Metabolism
1620,Pfi3,"Polybromo 1, SMARCA4, SMARCA2",Chromatin other
1621,Pci-34051,"HDAC8, HDAC6, HDAC1",Chromatin histone acetylation
1622,Wnt-C59,PORCN,WNT signaling
1624,I-Bet-762,"BRD2, BRD3, BRD4",Chromatin other
1625,Rvx-208,BRD4,Chromatin other
1626,Otx015,"BRD2, BRD3, BRD4",Chromatin other
1627,Gsk343,EZH2,Chromatin histone methylation
1629,Ml323,"USP1, UAF1",Protein stability and degradation
1630,Entospletinib,SYK,"Other, kinases"
1631,Prt062607,SYK,"Other, kinases"
1632,Ribociclib,"CDK4, CDK6",Cell cycle
1634,Agi-6780,IDH2 R140Q mutant,Metabolism
1635,Picolinici-Acid,Inflammatory related,Other
1706,Azd5153,BRD4,Chromatin other
1708,Cdk9_5576,CDK9,Cell cycle
1709,Cdk9_5038,CDK9,Cell cycle
1712,Eg5_9814,KSP11,Other
1713,Erk_2440,"ERK1,ERK2",ERK MAPK signaling
1714,Erk_6604,"ERK1,ERK2",ERK MAPK signaling
1716,Irak4_4710,IRAK4,"Other, kinases"
1718,Jak1_8709,JAK1,"Other, kinases"
1720,Azd5991,MCL1,Apoptosis regulation
1730,Pak_5339,"PAK1, PAK2",Cytoskeleton
1732,Taf1_5496,TAF1,Other
1733,Ulk1_4989,ULK1,"Other, kinases"
1734,Vsp34_8731,VSP34,Other
1736,Selumetinib,"MEK1, MEK2",ERK MAPK signaling
1738,Igf1R_3801,IGFR1,IGF1R signaling
1739,Jak_8517,"JAK1, JAK2","Other, kinases"
1776,Gsk2256098C,FAK1,Cytoskeleton
1777,Gsk2276186C,"JAK1, JAK2, JAK3","Other, kinases"
1778,Gsk2110183B,"AKT1, AKT2, AKT3",PI3K/MTOR signaling
1779,Gsk626616Ac,DYRK1A,"Other, kinases"
1780,Gsk3337463A,NIK,"Other, kinases"
1782,Gsk2830371A,PPM1D,Other
1783,Lmb_Ab1,"ADRA1A, ADRB1",Other
1784,Lmb_Ab2,GADD34,Unclassified
1785,Lmb_Ab3,PPP1R15B,Other
1786,Azd4547,"FGFR1, FGFR2, FGFR3",RTK signaling
1799,Ibrutinib,BTK,"Other, kinases"
1802,Zoledronate, ,Other
1803,Acetalax,,Unclassified
1804,Acetalax,,Unclassified
1806,Oxaliplatin,DNA alkylating agent,DNA replication
1808,Topotecan,TOP1,DNA replication
1809,Teniposide,,DNA replication
1810,Mitoxantrone,TOP2,DNA replication
1811,Dactinomycin,RNA polymerase,Other
1812,Bleomycin,dsDNA break induction,DNA replication
1813,Fludarabine,Antimetabolite,DNA replication
1814,Nelarabine,,DNA replication
1815,Dacarbazine,CP11A,Other
1816,Fulvestrant,ESR,Hormone-related
1817,Romidepsin,"HDAC1, HDAC2, HDAC3, HDAC8",Chromatin histone acetylation
1819,Docetaxel,Microtubule stabiliser,Mitosis
1820,123829,,Unclassified
1821,765771,,Unclassified
1824,123138,,Unclassified
1825,Podophyllotoxin Bromide,,Unclassified
1826,50869,,Unclassified
1827,Dihydrorotenone,,Unclassified
1828,720427,,Unclassified
1829,667880,,Unclassified
1830,Gallibiscoquinazole,,Unclassified
1831,L-Oxonoreleagnine,,Unclassified
1832,729189,,Unclassified
1833,741909,,Unclassified
1834,743380,,Unclassified
1835,Elephantin,,Unclassified
1836,150412,,Unclassified
1838,Sinularin,,Unclassified
1839,615590,,Unclassified
1840,630600,,Unclassified
1843,Lmp744,TOP1,DNA replication
1844,776928,,Unclassified
1845,Schweinfurthin A,,Unclassified
1847,Ben,,Unclassified
1849,Sabutoclax,"BCL2,  BCL-XL,  BFL1, MCL1",Apoptosis regulation
1852,Ly2109761,TGFB1,Other
1853,Of-1,"BRPF1B, BRPF2",Chromatin histone acetylation
1854,Mn-64,"TNKS1, TNKS2",WNT signaling
1855,Kras (G12C) Inhibitor-12,KRAS (G12C),ERK MAPK signaling
1862,Mg-132,"Proteasome, CAPN1",Protein stability and degradation
1866,Bdp-00009066,MRCKB_HUMAN,Cytoskeleton
1873,Buparlisib,"PI3Kalpha, PI3Kdelta, PI3Kbeta, PI3Kgamma",PI3K/MTOR signaling
1908,Ulixertinib,"ERK1, ERK2",ERK MAPK signaling
1909,Venetoclax,BCL2,Apoptosis regulation
1910,Abt737,"BCL2, BCL-XL,  BCL-W, BCL-B, BFL1",Apoptosis regulation
1911,Dactinomycin,RNA polymerase,Other
1912,Afuresertib,"AKT1, AKT2, AKT3",PI3K/MTOR signaling
1913,Agi-5198,IDH1 (R132H),Metabolism
1915,Azd3759,EGFR,EGFR signaling
1916,Azd5363,"AKT1, AKT2, AKT3, ROCK2","Other, kinases"
1917,Azd6738,ATR,Genome integrity
1918,Azd8186,"PI3Kalpha, PI3Kbeta",PI3K/MTOR signaling
1919,Osimertinib,EGFR,EGFR signaling
1922,Cediranib,"VEGFR, FLT1, FLT2, FLT3, FLT4, KIT, PDGFRB",RTK signaling
1924,Ipatasertib,"AKT1, AKT, AKT3",PI3K/MTOR signaling
1925,Gdc0810,"ESR1, ESR2",Hormone-related
1926,Gne-317,PI3Kalpha,PI3K/MTOR signaling
1927,Gsk2578215A,LRRK2,"Other, kinases"
1928,I-Brd9,BRD9,Chromatin other
1930,Telomerase Inhibitor Ix,Telomerase,Genome integrity
1931,Mira-1,TP53,p53 pathway
1932,Nvp-Adw742,IGF1R,IGF1R signaling
1933,P22077,"USP7, USP47",Protein stability and degradation
1936,Savolitinib,MET,RTK signaling
1939,Umi-77,MCL1,Apoptosis regulation
1940,Wiki4,"TNKS1, TNKS2",WNT signaling
1941,Sepantronium Bromide,BIRC5,Apoptosis regulation
1996,Mim1,MCL1,Apoptosis regulation
1997,Wehi-539,BCL-XL,Apoptosis regulation
1998,Bpd-00008900,,Other
1999,N25720-51-A1,,Unclassified
2000,N27922-53-1,,Unclassified
2002,N30652-18-1,,Unclassified
2003,N29087-69-1,,Unclassified
2010,Hkmti-1-005,,Unclassified
2011,Icl-Sirt078,SIR2,Other
2037,Gsk343,EZH2,Chromatin histone methylation
2038,Unc0638,"G9A, GLP",Chromatin histone methylation
2039,Agk2,"BAZ2A, BAZ2B",Chromatin histone acetylation
2040,Foretinib,"MET, KDR, TIE2, VEGFR3/FLT4, RON, PDGFR, FGFR1, EGFR",RTK signaling
2043,Bibr-1532,TERT,Genome integrity
2044,Pyridostatin,G-quadruplex stabiliser,DNA replication
2045,Amg-319,PI3K (beta sparing),PI3K/MTOR signaling
2046,Mk-8776,"CHEK1, CHEK2, CDK2",Cell cycle
2047,Ulixertinib,"ERK1, ERK2",ERK MAPK signaling
2048,Vinorelbine,Microtubule destabiliser,Mitosis
2055,Mycophenolic Acid,,Unclassified
2057,Remodelin,,Unclassified
2096,Vx-11E,ERK2,ERK MAPK signaling
2106,Uprosertib,"AKT1, AKT2, AKT3",PI3K/MTOR signaling
2107,Lji308,"RSK2, RSK1, RSK3",PI3K/MTOR signaling
2109,Az6102,"TNKS1, TNKS2",WNT signaling
2110,Gsk591,PMRT5,Chromatin histone methylation
2111,Ve821,ATR,Genome integrity
2112,Vtp-A,,Unclassified
2113,Vtp-B,,Unclassified
2145,Pbd-288,,Unclassified
2148,Pomhex,,Unclassified
2149,Ct7033-2,"KDM4A, KDM4C, KDM4E, KDM3A, KDM6B",Chromatin histone methylation
2154,Gsk-Lsd1-2Hcl,LSD1,Chromatin histone methylation
2156,5-Azacytidine,DNA methyltransferases,Other
2157,A-366,"EHMT1, EHMT2",Chromatin histone methylation
2158,Cpi-637,EP300,Chromatin histone methylation
2159,Unc0379,SETD8,Chromatin histone methylation
2169,Azd6482,PI3Kbeta,PI3K/MTOR signaling
2170,At13148,AKT1,PI3K/MTOR signaling
2171,Bms-754807,"IGF1R, IR",IGF1R signaling
2172,Jq1,"BRD2, BRD3, BRD4, BRDT",Chromatin other
2173,Pfi-1,BRD4,Chromatin other
2174,Iox2,EGLN1,Other
2175,Chir-99021,"GSK3A, GSK3B",WNT signaling
2177,Sgc0946,DOT1L,Chromatin histone methylation
2359,Gsk2830371,WIP1,Other
2360,Thr-101,Mutant RAS,PI3K/MTOR signaling
2361,Thr-102,Mutant RAS,PI3K/MTOR signaling
2362,Thr-103,Mutant RAS,PI3K/MTOR signaling
2438,Ascorbate (Vitamin C),anti-oxidant proteins,Other
2439,Glutathione,anti-oxidant proteins,Other
2498,Alpha-Lipoic Acid,Metabolism,Metabolism
2499,N-Acetyl Cysteine,Metabolism,Metabolism
